Date,Pnl
2/25/19 3:00,0.000611674
2/25/19 4:00,-0.000122595
2/25/19 5:00,-0.000329774
2/25/19 6:00,0.00040938
2/25/19 7:00,-0.000464161
2/25/19 8:00,0.000322331
2/25/19 9:00,0.000313492
2/25/19 10:00,-4.55471E-06
2/25/19 11:00,0.000623338
2/25/19 12:00,-0.00113658
2/25/19 13:00,0.00040954
2/25/19 14:00,0.000390658
2/25/19 15:00,0.000716473
2/25/19 16:00,-3.13304E-06
2/25/19 17:00,-0.00066087
2/25/19 18:00,0.000406736
2/25/19 19:00,0.000319167
2/25/19 20:00,-2.46291E-05
2/25/19 21:00,-0.000116733
2/25/19 22:00,0.000283724
2/25/19 23:00,0.000177053
2/26/19 0:00,-5.5523E-05
2/26/19 1:00,-0.00074694
2/26/19 2:00,-0.000292595
2/26/19 3:00,-2.91726E-05
2/26/19 4:00,-1.3386E-06
2/26/19 5:00,7.15608E-05
2/26/19 6:00,0.000169412
2/26/19 7:00,-0.00043513
2/26/19 8:00,0.000376668
2/26/19 9:00,0.000662185
2/26/19 10:00,-0.00073487
2/26/19 11:00,-0.000347974
2/26/19 12:00,-1.23705E-05
2/26/19 13:00,0.000407596
2/26/19 14:00,0.00017945
2/26/19 15:00,-7.44628E-06
2/26/19 16:00,0.000149398
2/26/19 17:00,2.19024E-05
2/26/19 18:00,-0.000173384
2/26/19 19:00,0.001041716
2/26/19 20:00,-0.000188573
2/26/19 21:00,-3.77312E-05
2/26/19 22:00,0.000293268
2/26/19 23:00,-1.9587E-05
2/27/19 0:00,0.000109261
2/27/19 1:00,-0.000342186
2/27/19 2:00,5.5154E-05
2/27/19 3:00,-0.000557604
2/27/19 4:00,-2.36338E-05
2/27/19 5:00,-0.000135091
2/27/19 6:00,0.000216221
2/27/19 7:00,-0.000387575
2/27/19 8:00,0.000979208
2/27/19 9:00,6.10488E-06
2/27/19 10:00,-0.000117697
2/27/19 11:00,-0.00037133
2/27/19 12:00,0.000409346
2/27/19 13:00,0.000230003
2/27/19 14:00,0.000528686
2/27/19 15:00,-0.000779054
2/27/19 16:00,0.000577811
2/27/19 17:00,-0.000208664
2/27/19 18:00,3.19151E-05
2/27/19 19:00,-6.71898E-05
2/27/19 20:00,2.23386E-05
2/27/19 21:00,0.000119554
2/27/19 22:00,-0.000278392
2/27/19 23:00,0.000112308
2/28/19 0:00,-0.000793002
2/28/19 1:00,-0.001548869
2/28/19 2:00,0.000122086
2/28/19 3:00,-0.000292345
2/28/19 4:00,3.3868E-07
2/28/19 5:00,-0.000117368
2/28/19 6:00,-0.000520451
2/28/19 7:00,-0.000765856
2/28/19 8:00,-9.6286E-05
2/28/19 9:00,-0.000390515
2/28/19 10:00,-0.000515079
2/28/19 11:00,0.000265249
2/28/19 12:00,-2.52408E-05
2/28/19 13:00,0.004095946
2/28/19 14:00,-0.000213584
2/28/19 15:00,-0.002932656
2/28/19 16:00,0.000460618
2/28/19 17:00,-0.000113074
2/28/19 18:00,8.15222E-05
2/28/19 19:00,-8.2743E-05
2/28/19 20:00,0.000201295
2/28/19 21:00,-0.000253957
2/28/19 22:00,3.35549E-05
2/28/19 23:00,-3.04405E-05
3/1/19 0:00,0.000591141
3/1/19 1:00,-1.87153E-05
3/1/19 2:00,0.0008446
3/1/19 3:00,8.74204E-05
3/1/19 4:00,8.53747E-05
3/1/19 5:00,3.20131E-05
3/1/19 6:00,-0.000381423
3/1/19 7:00,0.000557516
3/1/19 8:00,0.000138594
3/1/19 9:00,0.000336144
3/1/19 10:00,0.000352995
3/1/19 11:00,-0.000298157
3/1/19 12:00,0.000365953
3/1/19 13:00,-0.001114489
3/1/19 14:00,0.000298177
3/1/19 15:00,0.000252748
3/1/19 16:00,0.000224734
3/1/19 17:00,4.63312E-05
3/1/19 18:00,-0.000122138
3/1/19 19:00,-4.43816E-05
3/1/19 20:00,6.82634E-05
3/1/19 21:00,0.000123524
3/3/19 18:00,-0.000989947
3/3/19 19:00,-0.000224002
3/3/19 20:00,0.001453971
3/3/19 21:00,-0.000216723
3/3/19 22:00,-0.000220093
3/3/19 23:00,-0.000459736
3/4/19 0:00,0.000319564
3/4/19 1:00,0.000139797
3/4/19 2:00,6.68857E-05
3/4/19 3:00,0.001988956
3/4/19 4:00,0.000128775
3/4/19 5:00,-0.000115205
3/4/19 6:00,7.00089E-05
3/4/19 7:00,9.19022E-05
3/4/19 8:00,0.000370092
3/4/19 9:00,-0.000633462
3/4/19 10:00,-0.000352956
3/4/19 11:00,-0.00038614
3/4/19 12:00,-0.001042215
3/4/19 13:00,8.6805E-05
3/4/19 14:00,1.45836E-05
3/4/19 15:00,-0.000600521
3/4/19 16:00,-8.50417E-05
3/4/19 17:00,5.75631E-05
3/4/19 18:00,0.000210509
3/4/19 19:00,-0.000152458
3/4/19 20:00,-2.37728E-05
3/4/19 21:00,-5.37194E-05
3/4/19 22:00,-2.6902E-05
3/4/19 23:00,0.000180401
3/5/19 0:00,0.000699084
3/5/19 1:00,-9.2133E-05
3/5/19 2:00,0.000613534
3/5/19 3:00,-0.001501349
3/5/19 4:00,0.000147926
3/5/19 5:00,-2.63178E-05
3/5/19 6:00,-0.000276889
3/5/19 7:00,0.000401689
3/5/19 8:00,-0.001084902
3/5/19 9:00,-0.000189066
3/5/19 10:00,4.9897E-05
3/5/19 11:00,0.000358467
3/5/19 12:00,6.94861E-05
3/5/19 13:00,-0.0001178
3/5/19 14:00,-4.84401E-05
3/5/19 15:00,0.001436847
3/5/19 16:00,-0.000295519
3/5/19 17:00,-0.000462231
3/5/19 18:00,-0.000553118
3/5/19 19:00,-9.68652E-05
3/5/19 20:00,-9.18197E-05
3/5/19 21:00,-3.78728E-05
3/5/19 22:00,-0.000291466
3/5/19 23:00,0.000482276
3/6/19 0:00,0.003700949
3/6/19 1:00,-7.28603E-05
3/6/19 2:00,0.000920489
3/6/19 3:00,-0.000140363
3/6/19 4:00,7.48389E-05
3/6/19 5:00,-6.45737E-05
3/6/19 6:00,-7.34235E-05
3/6/19 7:00,-0.000114199
3/6/19 8:00,-7.82179E-05
3/6/19 9:00,0.000242921
3/6/19 10:00,6.66823E-05
3/6/19 11:00,0.000249035
3/6/19 12:00,4.54321E-05
3/6/19 13:00,-4.6301E-05
3/6/19 14:00,0.000402172
3/6/19 15:00,-0.000488023
3/6/19 16:00,-0.000528859
3/6/19 17:00,-2.11374E-05
3/6/19 18:00,1.14044E-05
3/6/19 19:00,-0.00024513
3/6/19 20:00,4.86219E-06
3/6/19 21:00,-0.000119598
3/6/19 22:00,-0.000888089
3/6/19 23:00,2.8144E-05
3/7/19 0:00,-0.001237495
3/7/19 1:00,-0.000210606
3/7/19 2:00,-0.000116012
3/7/19 3:00,5.07174E-05
3/7/19 4:00,5.33313E-05
3/7/19 5:00,0.000141953
3/7/19 6:00,0.000131301
3/7/19 7:00,-0.00011121
3/7/19 8:00,0.000473739
3/7/19 9:00,-0.000117414
3/7/19 10:00,-0.000292891
3/7/19 11:00,-0.000106639
3/7/19 12:00,0.000798158
3/7/19 13:00,-0.00026893
3/7/19 14:00,-0.00029122
3/7/19 15:00,-0.000580019
3/7/19 16:00,0.00082283
3/7/19 17:00,0.000279556
3/7/19 18:00,0.000614687
3/7/19 19:00,0.001340522
3/7/19 20:00,0.000386886
3/7/19 21:00,-0.000331289
3/7/19 22:00,0.000145648
3/7/19 23:00,0.000145544
3/8/19 0:00,0.002167976
3/8/19 1:00,0.00029035
3/8/19 2:00,-0.000290018
3/8/19 3:00,-2.1329E-05
3/8/19 4:00,-0.000148522
3/8/19 5:00,1.75323E-05
3/8/19 6:00,-6.96051E-05
3/8/19 7:00,0.000219089
3/8/19 8:00,0.000368264
3/8/19 9:00,0.00013653
3/8/19 10:00,-0.000207477
3/8/19 11:00,7.3014E-05
3/8/19 12:00,7.98932E-05
3/8/19 13:00,-0.000182093
3/8/19 14:00,-5.17998E-05
3/8/19 15:00,-0.001431841
3/8/19 16:00,-0.000179583
3/8/19 17:00,0.00012352
3/8/19 18:00,-0.000178908
3/8/19 19:00,5.28498E-05
3/8/19 20:00,-8.53923E-05
3/8/19 21:00,0.000230044
3/10/19 18:00,0.00104482
3/10/19 19:00,-0.000197087
3/10/19 20:00,-0.000466392
3/10/19 21:00,0.000132815
3/10/19 22:00,-0.000463596
3/10/19 23:00,0.000145063
3/11/19 0:00,0.001004069
3/11/19 1:00,0.002086918
3/11/19 2:00,0.000127245
3/11/19 3:00,0.00010911
3/11/19 4:00,-0.00024158
3/11/19 5:00,0.0001393
3/11/19 6:00,1.12731E-05
3/11/19 7:00,-0.000175483
3/11/19 8:00,0.000472411
3/11/19 9:00,0.00050545
3/11/19 10:00,8.9612E-05
3/11/19 11:00,-0.000582588
3/11/19 12:00,-0.000549531
3/11/19 13:00,-0.000470631
3/11/19 14:00,0.000152155
3/11/19 15:00,0.000656734
3/11/19 16:00,-0.000722262
3/11/19 17:00,-0.000158498
3/11/19 18:00,-9.92275E-05
3/11/19 19:00,0.000495219
3/11/19 20:00,0.000241537
3/11/19 21:00,-0.000428289
3/11/19 22:00,-0.00069523
3/11/19 23:00,-0.000177737
3/12/19 0:00,0.000335679
3/12/19 1:00,-0.000180517
3/12/19 2:00,5.8817E-05
3/12/19 3:00,4.79248E-05
3/12/19 4:00,0.000292736
3/12/19 5:00,4.15296E-05
3/12/19 6:00,9.19976E-05
3/12/19 7:00,0.00053269
3/12/19 8:00,0.000506397
3/12/19 9:00,-0.000363176
3/12/19 10:00,-0.000895539
3/12/19 11:00,-0.001927163
3/12/19 12:00,0.003856048
3/12/19 13:00,3.21432E-05
3/12/19 14:00,0.000159522
3/12/19 15:00,-0.00107463
3/12/19 16:00,-0.000178843
3/12/19 17:00,-1.44128E-06
3/12/19 18:00,0.000233016
3/12/19 19:00,8.7324E-05
3/12/19 20:00,-0.000490473
3/12/19 21:00,6.40397E-05
3/12/19 22:00,-1.0327E-06
3/12/19 23:00,5.47691E-05
3/13/19 0:00,2.76488E-05
3/13/19 1:00,3.3817E-05
3/13/19 2:00,3.85122E-05
3/13/19 3:00,-0.000351097
3/13/19 4:00,-2.36493E-06
3/13/19 5:00,-0.000162696
3/13/19 6:00,-0.00013299
3/13/19 7:00,-0.000754868
3/13/19 8:00,0.000738439
3/13/19 9:00,-0.000254922
3/13/19 10:00,0.000344491
3/13/19 11:00,9.09545E-05
3/13/19 12:00,-0.000430963
3/13/19 13:00,-0.000110612
3/13/19 14:00,4.12816E-06
3/13/19 15:00,0.001450047
3/13/19 16:00,0.00018676
3/13/19 17:00,-0.000113419
3/13/19 18:00,0.001758455
3/13/19 19:00,0.000138887
3/13/19 20:00,-0.001877575
3/13/19 21:00,0.000686242
3/13/19 22:00,-0.000216507
3/13/19 23:00,-0.000135394
3/14/19 0:00,0.000180302
3/14/19 1:00,0.000856254
3/14/19 2:00,3.01765E-05
3/14/19 3:00,-0.000173285
3/14/19 4:00,-0.000235492
3/14/19 5:00,0.000142069
3/14/19 6:00,-0.000317074
3/14/19 7:00,-0.000130784
3/14/19 8:00,-0.000351695
3/14/19 9:00,0.000881532
3/14/19 10:00,0.000317411
3/14/19 11:00,8.13645E-05
3/14/19 12:00,0.000181605
3/14/19 13:00,0.000870114
3/14/19 14:00,-3.46025E-05
3/14/19 15:00,0.000422496
3/14/19 16:00,-0.000167432
3/14/19 17:00,-0.000140833
3/14/19 18:00,-0.00037838
3/14/19 19:00,-0.000220914
3/14/19 20:00,0.000283704
3/14/19 21:00,-0.000299925
3/14/19 22:00,0.000242896
3/14/19 23:00,8.70724E-05
3/15/19 0:00,0.000210729
3/15/19 1:00,-0.001072147
3/15/19 2:00,0.000944121
3/15/19 3:00,0.000194698
3/15/19 4:00,4.93037E-05
3/15/19 5:00,0.000278323
3/15/19 6:00,0.000322057
3/15/19 7:00,0.000530745
3/15/19 8:00,0.000853599
3/15/19 9:00,-0.000122848
3/15/19 10:00,5.9945E-07
3/15/19 11:00,-2.83489E-05
3/15/19 12:00,0.000245529
3/15/19 13:00,0.003385158
3/15/19 14:00,-0.000623124
3/15/19 15:00,-0.000829452
3/15/19 16:00,-0.000106695
3/15/19 17:00,0.000194307
3/15/19 18:00,3.73289E-05
3/15/19 19:00,-0.000158709
3/15/19 20:00,-5.35441E-05
3/17/19 18:00,8.2761E-05
3/17/19 19:00,-6.25481E-05
3/17/19 20:00,-1.75846E-05
3/17/19 21:00,-0.000119129
3/17/19 22:00,-0.000227015
3/17/19 23:00,0.000234894
3/18/19 0:00,-0.000720208
3/18/19 1:00,0.000161303
3/18/19 2:00,0.000696166
3/18/19 3:00,-0.000211382
3/18/19 4:00,-0.000160346
3/18/19 5:00,-9.894E-05
3/18/19 6:00,-0.000189007
3/18/19 7:00,0.000274551
3/18/19 8:00,0.000471176
3/18/19 9:00,3.37764E-05
3/18/19 10:00,-0.000349664
3/18/19 11:00,0.000363091
3/18/19 12:00,0.000144921
3/18/19 13:00,9.36921E-05
3/18/19 14:00,-0.000224966
3/18/19 15:00,-0.000487397
3/18/19 16:00,-0.000568103
3/18/19 17:00,-0.00011159
3/18/19 18:00,-0.000217314
3/18/19 19:00,-8.20652E-05
3/18/19 20:00,4.92635E-06
3/18/19 21:00,7.21863E-05
3/18/19 22:00,-1.35266E-05
3/18/19 23:00,5.71163E-05
3/19/19 0:00,-6.23117E-05
3/19/19 1:00,0.000110763
3/19/19 2:00,-0.000668496
3/19/19 3:00,0.00010631
3/19/19 4:00,-0.000245151
3/19/19 5:00,0.000198861
3/19/19 6:00,0.000139221
3/19/19 7:00,0.00024773
3/19/19 8:00,0.000514431
3/19/19 9:00,0.000356027
3/19/19 10:00,-0.000269596
3/19/19 11:00,-3.34696E-05
3/19/19 12:00,-0.000337746
3/19/19 13:00,6.80689E-05
3/19/19 14:00,-0.00042636
3/19/19 15:00,-0.00013892
3/19/19 16:00,-0.000563809
3/19/19 17:00,0.000189702
3/19/19 18:00,1.27412E-05
3/19/19 19:00,1.08637E-05
3/19/19 20:00,1.96033E-05
3/19/19 21:00,-1.76535E-05
3/19/19 22:00,1.40507E-05
3/19/19 23:00,-1.87447E-05
3/20/19 0:00,0.001642597
3/20/19 1:00,-3.19833E-05
3/20/19 2:00,-0.000121043
3/20/19 3:00,4.736E-05
3/20/19 4:00,3.83524E-06
3/20/19 5:00,3.7054E-05
3/20/19 6:00,4.75202E-05
3/20/19 7:00,-0.000587606
3/20/19 8:00,-0.000258668
3/20/19 9:00,-0.000397014
3/20/19 10:00,6.10161E-07
3/20/19 11:00,0.000500964
3/20/19 12:00,-0.001107373
3/20/19 13:00,0.000516592
3/20/19 14:00,-0.000368184
3/20/19 15:00,-0.00108575
3/20/19 16:00,9.55756E-05
3/20/19 17:00,-0.000264932
3/20/19 18:00,0.015430898
3/20/19 19:00,-0.000755439
3/20/19 20:00,0.001449998
3/20/19 21:00,0.000595371
3/20/19 22:00,-0.000654308
3/20/19 23:00,-0.000132384
3/21/19 0:00,0.0006016
3/21/19 1:00,-0.000281482
3/21/19 2:00,3.16561E-05
3/21/19 3:00,0.000119411
3/21/19 4:00,-8.60346E-05
3/21/19 5:00,0.000106434
3/21/19 6:00,0.000164911
3/21/19 7:00,-0.001018594
3/21/19 8:00,-0.000116674
3/21/19 9:00,-0.001984313
3/21/19 10:00,0.001133813
3/21/19 11:00,9.30816E-05
3/21/19 12:00,-0.000126907
3/21/19 13:00,-0.000213455
3/21/19 14:00,0.002825086
3/21/19 15:00,-0.001312753
3/21/19 16:00,0.000134125
3/21/19 17:00,0.000326879
3/21/19 18:00,6.20932E-05
3/21/19 19:00,-0.000379632
3/21/19 20:00,-0.000239877
3/21/19 21:00,-0.000165129
3/21/19 22:00,-3.14668E-05
3/21/19 23:00,-0.000109273
3/22/19 0:00,-0.000218171
3/22/19 1:00,-7.16243E-05
3/22/19 2:00,-9.64665E-05
3/22/19 3:00,0.000116207
3/22/19 4:00,-3.08114E-05
3/22/19 5:00,0.000227205
3/22/19 6:00,4.62307E-05
3/22/19 7:00,-0.000157149
3/22/19 8:00,0.012839395
3/22/19 9:00,0.000779192
3/22/19 10:00,-0.000336173
3/22/19 11:00,-0.000151811
3/22/19 12:00,-0.000129154
3/22/19 13:00,-0.000798464
3/22/19 14:00,-0.001642486
3/22/19 15:00,-0.003408698
3/22/19 16:00,0.001264053
3/22/19 17:00,4.27053E-05
3/22/19 18:00,-0.001029736
3/22/19 19:00,0.000209456
3/22/19 20:00,-0.00011688
3/24/19 18:00,0.000283935
3/24/19 19:00,0.000350686
3/24/19 20:00,5.64841E-05
3/24/19 21:00,-0.000123823
3/24/19 22:00,4.8013E-05
3/24/19 23:00,-0.0001872
3/25/19 0:00,0.002437854
3/25/19 1:00,0.000186914
3/25/19 2:00,-3.48302E-05
3/25/19 3:00,-0.0001123
3/25/19 4:00,-7.42516E-05
3/25/19 5:00,-0.000208339
3/25/19 6:00,0.000198237
3/25/19 7:00,0.00028653
3/25/19 8:00,-0.001318994
3/25/19 9:00,0.001357128
3/25/19 10:00,0.000364373
3/25/19 11:00,-0.000130505
3/25/19 12:00,-0.001146615
3/25/19 13:00,3.94159E-05
3/25/19 14:00,0.000335089
3/25/19 15:00,-0.000297903
3/25/19 16:00,0.000419665
3/25/19 17:00,-0.000252069
3/25/19 18:00,0.001953254
3/25/19 19:00,1.51513E-05
3/25/19 20:00,-8.41804E-05
3/25/19 21:00,7.67055E-05
3/25/19 22:00,0.00043014
3/25/19 23:00,-9.03192E-05
3/26/19 0:00,4.58456E-05
3/26/19 1:00,0.000313889
3/26/19 2:00,-0.000116992
3/26/19 3:00,0.000175032
3/26/19 4:00,-0.000139492
3/26/19 5:00,-0.00010992
3/26/19 6:00,-0.000468799
3/26/19 7:00,0.00046324
3/26/19 8:00,0.000239886
3/26/19 9:00,0.000782239
3/26/19 10:00,4.7999E-05
3/26/19 11:00,-0.000302884
3/26/19 12:00,-0.000387975
3/26/19 13:00,0.000737692
3/26/19 14:00,0.000106989
3/26/19 15:00,0.000527345
3/26/19 16:00,0.000171655
3/26/19 17:00,0.000142835
3/26/19 18:00,-2.71899E-05
3/26/19 19:00,3.48132E-05
3/26/19 20:00,4.33206E-05
3/26/19 21:00,9.38345E-05
3/26/19 22:00,-6.74178E-05
3/26/19 23:00,8.77913E-05
3/27/19 0:00,-3.59797E-05
3/27/19 1:00,0.000328919
3/27/19 2:00,-0.000574768
3/27/19 3:00,-2.25183E-06
3/27/19 4:00,-8.12866E-07
3/27/19 5:00,5.94838E-05
3/27/19 6:00,0.000171671
3/27/19 7:00,0.000970551
3/27/19 8:00,0.002566608
3/27/19 9:00,-0.00041369
3/27/19 10:00,-0.001233326
3/27/19 11:00,0.000129881
3/27/19 12:00,-0.001755784
3/27/19 13:00,-0.00204559
3/27/19 14:00,-0.000894938
3/27/19 15:00,0.00024476
3/27/19 16:00,0.000782246
3/27/19 17:00,0.00042244
3/27/19 18:00,6.31353E-06
3/27/19 19:00,0.000146292
3/27/19 20:00,0.000139643
3/27/19 21:00,-0.000653149
3/27/19 22:00,-5.39641E-05
3/27/19 23:00,0.000186419
3/28/19 0:00,0.000683792
3/28/19 1:00,-5.8298E-06
3/28/19 2:00,0.001504926
3/28/19 3:00,-8.11705E-05
3/28/19 4:00,-0.000109738
3/28/19 5:00,5.2513E-05
3/28/19 6:00,3.49346E-06
3/28/19 7:00,0.000611556
3/28/19 8:00,0.00128513
3/28/19 9:00,-0.000499357
3/28/19 10:00,0.000446184
3/28/19 11:00,0.001631857
3/28/19 12:00,3.44337E-05
3/28/19 13:00,0.000558289
3/28/19 14:00,0.000560679
3/28/19 15:00,0.00034848
3/28/19 16:00,-0.000974251
3/28/19 17:00,-9.87207E-05
3/28/19 18:00,9.66496E-05
3/28/19 19:00,6.90652E-05
3/28/19 20:00,-8.88329E-05
3/28/19 21:00,-0.000133122
3/28/19 22:00,-3.79064E-05
3/28/19 23:00,0.000125665
3/29/19 0:00,7.58126E-05
3/29/19 1:00,-0.000277626
3/29/19 2:00,0.000116103
3/29/19 3:00,0.000184105
3/29/19 4:00,-0.000767524
3/29/19 5:00,0.000107665
3/29/19 6:00,0.000383307
3/29/19 7:00,0.000553316
3/29/19 8:00,0.00016757
3/29/19 9:00,0.000133216
3/29/19 10:00,-0.000485797
3/29/19 11:00,-8.70895E-05
3/29/19 12:00,-0.00134251
3/29/19 13:00,-0.000172168
3/29/19 14:00,-0.002450643
3/29/19 15:00,0.001923437
3/29/19 16:00,0.000320986
3/29/19 17:00,-0.000130423
3/29/19 18:00,-0.000165608
3/29/19 19:00,0.000114556
3/29/19 20:00,2.16034E-05
3/31/19 19:00,0.001371264
3/31/19 20:00,-0.000435946
3/31/19 21:00,1.29682E-05
3/31/19 22:00,-7.99086E-05
3/31/19 23:00,-0.000197623
4/1/19 0:00,-0.000341188
4/1/19 1:00,-0.000426472
4/1/19 2:00,-0.000623758
4/1/19 3:00,-0.00012677
4/1/19 4:00,-3.692E-05
4/1/19 5:00,-2.26913E-05
4/1/19 6:00,-0.000164783
4/1/19 7:00,-0.000304177
4/1/19 8:00,0.00024664
4/1/19 9:00,0.000397954
4/1/19 10:00,-0.000451857
4/1/19 11:00,-0.000587239
4/1/19 12:00,-0.000350566
4/1/19 13:00,-0.002010563
4/1/19 14:00,-0.000157016
4/1/19 15:00,-0.000286516
4/1/19 16:00,-0.000158834
4/1/19 17:00,0.000278843
4/1/19 18:00,0.000121925
4/1/19 19:00,-0.000143393
4/1/19 20:00,-7.28703E-05
4/1/19 21:00,-0.000267675
4/1/19 22:00,-0.001246711
4/1/19 23:00,0.000482014
4/2/19 0:00,0.000141901
4/2/19 1:00,-0.000317725
4/2/19 2:00,-0.000145587
4/2/19 3:00,8.76796E-05
4/2/19 4:00,0.000584826
4/2/19 5:00,-0.000142725
4/2/19 6:00,4.82593E-05
4/2/19 7:00,0.000159549
4/2/19 8:00,-0.000381576
4/2/19 9:00,-0.000127616
4/2/19 10:00,2.34485E-05
4/2/19 11:00,-0.00013164
4/2/19 12:00,0.000632453
4/2/19 13:00,0.000661533
4/2/19 14:00,-0.000372925
4/2/19 15:00,2.66897E-05
4/2/19 16:00,-5.67337E-05
4/2/19 17:00,-0.000704493
4/2/19 18:00,-0.001852915
4/2/19 19:00,-2.36177E-05
4/2/19 20:00,-0.000126125
4/2/19 21:00,4.60327E-05
4/2/19 22:00,3.61572E-06
4/2/19 23:00,-0.000245411
4/3/19 0:00,2.37075E-05
4/3/19 1:00,0.003948363
4/3/19 2:00,-0.000217837
4/3/19 3:00,9.65532E-05
4/3/19 4:00,5.63164E-05
4/3/19 5:00,0.000267005
4/3/19 6:00,-7.32565E-05
4/3/19 7:00,-0.000307915
4/3/19 8:00,-0.000934335
4/3/19 9:00,-0.000164724
4/3/19 10:00,0.000208266
4/3/19 11:00,0.000293722
4/3/19 12:00,0.000134267
4/3/19 13:00,0.000141627
4/3/19 14:00,-0.00013139
4/3/19 15:00,0.000862959
4/3/19 16:00,-0.000435392
4/3/19 17:00,0.00021154
4/3/19 18:00,-0.000303114
4/3/19 19:00,0.000102226
4/3/19 20:00,-0.000146985
4/3/19 21:00,7.55049E-05
4/3/19 22:00,-0.000160748
4/3/19 23:00,0.000386622
4/4/19 0:00,4.67291E-06
4/4/19 1:00,-0.000152514
4/4/19 2:00,-0.00018345
4/4/19 3:00,0.00044991
4/4/19 4:00,-2.59571E-05
4/4/19 5:00,-3.43194E-05
4/4/19 6:00,0.000283143
4/4/19 7:00,-0.000515402
4/4/19 8:00,3.29342E-05
4/4/19 9:00,-2.13166E-06
4/4/19 10:00,-0.000178318
4/4/19 11:00,0.000283914
4/4/19 12:00,-0.000192721
4/4/19 13:00,-0.00013183
4/4/19 14:00,4.16624E-05
4/4/19 15:00,-0.000731992
4/4/19 16:00,-0.000257829
4/4/19 17:00,0.000193439
4/4/19 18:00,0.00030231
4/4/19 19:00,-0.000164859
4/4/19 20:00,-0.000102737
4/4/19 21:00,-1.64207E-05
4/4/19 22:00,-0.000572448
4/4/19 23:00,2.68248E-06
4/5/19 0:00,1.47617E-06
4/5/19 1:00,-0.000442009
4/5/19 2:00,-2.95898E-05
4/5/19 3:00,-3.16368E-05
4/5/19 4:00,0.000102381
4/5/19 5:00,1.38951E-05
4/5/19 6:00,-1.62456E-05
4/5/19 7:00,0.000672328
4/5/19 8:00,0.000339841
4/5/19 9:00,2.85491E-05
4/5/19 10:00,2.17332E-06
4/5/19 11:00,0.000184826
4/5/19 12:00,8.86417E-05
4/5/19 13:00,-0.001213732
4/5/19 14:00,0.001887481
4/5/19 15:00,-0.001760968
4/5/19 16:00,-0.000364499
4/5/19 17:00,3.89633E-05
4/5/19 18:00,-0.000360844
4/5/19 19:00,0.000139935
4/5/19 20:00,-1.96918E-05
4/5/19 21:00,-0.00017244
4/7/19 20:00,0.000222439
4/7/19 21:00,0.000103582
4/7/19 22:00,-0.001790808
4/7/19 23:00,0.000108415
4/8/19 0:00,-0.000237142
4/8/19 1:00,0.001015384
4/8/19 2:00,2.30761E-05
4/8/19 3:00,0.000248736
4/8/19 4:00,-0.00013468
4/8/19 5:00,8.25816E-05
4/8/19 6:00,-0.000130196
4/8/19 7:00,-0.000201946
4/8/19 8:00,-6.02518E-05
4/8/19 9:00,-0.000210107
4/8/19 10:00,9.32075E-05
4/8/19 11:00,1.87176E-05
4/8/19 12:00,-0.00018473
4/8/19 13:00,-0.000164824
4/8/19 14:00,-0.000810156
4/8/19 15:00,0.000902909
4/8/19 16:00,-5.88786E-05
4/8/19 17:00,-0.000174875
4/8/19 18:00,-0.00034252
4/8/19 19:00,0.000117046
4/8/19 20:00,0.000176096
4/8/19 21:00,2.63825E-05
4/8/19 22:00,4.73823E-05
4/8/19 23:00,-3.26677E-05
4/9/19 0:00,-4.98506E-05
4/9/19 1:00,-0.001228365
4/9/19 2:00,-0.000197043
4/9/19 3:00,-1.72595E-05
4/9/19 4:00,-0.000329665
4/9/19 5:00,-5.27536E-05
4/9/19 6:00,0.000408617
4/9/19 7:00,0.000530943
4/9/19 8:00,-0.00023078
4/9/19 9:00,0.00050764
4/9/19 10:00,-0.000196815
4/9/19 11:00,1.78544E-05
4/9/19 12:00,-0.000148425
4/9/19 13:00,0.001669109
4/9/19 14:00,-4.72214E-05
4/9/19 15:00,0.001069175
4/9/19 16:00,1.16981E-05
4/9/19 17:00,-0.00015311
4/9/19 18:00,0.000200427
4/9/19 19:00,-0.000116646
4/9/19 20:00,-0.000316613
4/9/19 21:00,-0.000105201
4/9/19 22:00,-9.06164E-05
4/9/19 23:00,7.13672E-05
4/10/19 0:00,4.13468E-05
4/10/19 1:00,1.74772E-05
4/10/19 2:00,-0.000283724
4/10/19 3:00,0.000180223
4/10/19 4:00,0.000484457
4/10/19 5:00,-0.000191465
4/10/19 6:00,-0.000104165
4/10/19 7:00,0.001232794
4/10/19 8:00,-0.000165259
4/10/19 9:00,-3.89201E-05
4/10/19 10:00,0.000375773
4/10/19 11:00,0.000304959
4/10/19 12:00,-2.75492E-05
4/10/19 13:00,-0.000740223
4/10/19 14:00,-0.00051807
4/10/19 15:00,-0.00035679
4/10/19 16:00,0.000947227
4/10/19 17:00,5.91538E-05
4/10/19 18:00,0.000204112
4/10/19 19:00,0.000437031
4/10/19 20:00,0.000269666
4/10/19 21:00,0.00017019
4/10/19 22:00,0.000263942
4/10/19 23:00,0.000116103
4/11/19 0:00,2.29035E-05
4/11/19 1:00,-3.42563E-05
4/11/19 2:00,-0.000141988
4/11/19 3:00,-3.12853E-05
4/11/19 4:00,-0.000112172
4/11/19 5:00,8.51381E-05
4/11/19 6:00,0.000120976
4/11/19 7:00,-9.40492E-05
4/11/19 8:00,6.04146E-05
4/11/19 9:00,0.000344822
4/11/19 10:00,0.000290522
4/11/19 11:00,-9.04679E-05
4/11/19 12:00,0.000699324
4/11/19 13:00,0.001300719
4/11/19 14:00,0.000574555
4/11/19 15:00,-7.6275E-05
4/11/19 16:00,0.000210403
4/11/19 17:00,0.000111363
4/11/19 18:00,-6.75589E-05
4/11/19 19:00,0.000411876
4/11/19 20:00,3.07684E-05
4/11/19 21:00,0.000184692
4/11/19 22:00,0.000126831
4/11/19 23:00,2.26106E-05
4/12/19 0:00,-8.0638E-05
4/12/19 1:00,-5.10974E-05
4/12/19 2:00,-4.24465E-05
4/12/19 3:00,0.000213182
4/12/19 4:00,-0.000261919
4/12/19 5:00,-0.000133221
4/12/19 6:00,-0.000270597
4/12/19 7:00,-6.44078E-05
4/12/19 8:00,-0.000203974
4/12/19 9:00,0.003746851
4/12/19 10:00,-4.67095E-05
4/12/19 11:00,0.000217415
4/12/19 12:00,-0.000293454
4/12/19 13:00,0.000137296
4/12/19 14:00,0.000155451
4/12/19 15:00,0.00011825
4/12/19 16:00,-0.000104598
4/12/19 17:00,5.26374E-05
4/12/19 18:00,0.000122664
4/12/19 19:00,-1.13859E-06
4/12/19 20:00,-3.95464E-05
4/12/19 21:00,0.000161597
4/14/19 19:00,6.03293E-05
4/14/19 20:00,0.000132528
4/14/19 21:00,0.000166165
4/14/19 22:00,-0.00073914
4/14/19 23:00,1.59554E-05
4/15/19 0:00,-7.58552E-05
4/15/19 1:00,-0.000141095
4/15/19 2:00,0.000114529
4/15/19 3:00,-0.000139803
4/15/19 4:00,-3.14449E-05
4/15/19 5:00,-0.000172424
4/15/19 6:00,-9.04467E-05
4/15/19 7:00,-9.21509E-05
4/15/19 8:00,0.000408662
4/15/19 9:00,-8.51102E-05
4/15/19 10:00,0.000151537
4/15/19 11:00,7.30256E-05
4/15/19 12:00,9.29653E-05
4/15/19 13:00,-0.000446324
4/15/19 14:00,-0.000167113
4/15/19 15:00,-0.001085025
4/15/19 16:00,0.000137751
4/15/19 17:00,5.40213E-05
4/15/19 18:00,4.4988E-05
4/15/19 19:00,0.000173393
4/15/19 20:00,6.48624E-05
4/15/19 21:00,0.000119114
4/15/19 22:00,0.000164886
4/15/19 23:00,-5.99226E-05
4/16/19 0:00,-2.20023E-05
4/16/19 1:00,-0.000198958
4/16/19 2:00,0.001363749
4/16/19 3:00,0.000134182
4/16/19 4:00,-8.13068E-05
4/16/19 5:00,8.69098E-05
4/16/19 6:00,0.000181359
4/16/19 7:00,-0.000302214
4/16/19 8:00,-0.000271801
4/16/19 9:00,0.000392485
4/16/19 10:00,-0.000122825
4/16/19 11:00,0.00030552
4/16/19 12:00,0.002201497
4/16/19 13:00,-0.000247822
4/16/19 14:00,7.3924E-05
4/16/19 15:00,0.000224098
4/16/19 16:00,-0.000277764
4/16/19 17:00,7.33673E-05
4/16/19 18:00,-4.71016E-06
4/16/19 19:00,0.000326132
4/16/19 20:00,3.20465E-05
4/16/19 21:00,-0.000144655
4/16/19 22:00,0.000142691
4/16/19 23:00,0.000659461
4/17/19 0:00,9.79148E-05
4/17/19 1:00,0.000601498
4/17/19 2:00,0.001225535
4/17/19 3:00,-2.75976E-05
4/17/19 4:00,-0.000102749
4/17/19 5:00,6.01914E-05
4/17/19 6:00,5.84443E-05
4/17/19 7:00,0.000183678
4/17/19 8:00,-3.68714E-05
4/17/19 9:00,0.00010831
4/17/19 10:00,-0.000143428
4/17/19 11:00,-0.000205305
4/17/19 12:00,9.08209E-06
4/17/19 13:00,0.000381963
4/17/19 14:00,0.0006716
4/17/19 15:00,-0.000285838
4/17/19 16:00,0.000175998
4/17/19 17:00,-4.13364E-05
4/17/19 18:00,-0.000525613
4/17/19 19:00,0.000132536
4/17/19 20:00,-2.51071E-05
4/17/19 21:00,0.000238278
4/17/19 22:00,8.86357E-05
4/17/19 23:00,1.52705E-06
4/18/19 0:00,-2.37451E-06
4/18/19 1:00,-0.000175955
4/18/19 2:00,-0.000644722
4/18/19 3:00,-0.000663977
4/18/19 4:00,0.000373706
4/18/19 5:00,9.84517E-05
4/18/19 6:00,-6.7206E-06
4/18/19 7:00,0.00012749
4/18/19 8:00,0.003841531
4/18/19 9:00,-0.000627626
4/18/19 10:00,0.000294955
4/18/19 11:00,0.000252617
4/18/19 12:00,8.39803E-05
4/18/19 13:00,-0.00025103
4/18/19 14:00,-0.000770893
4/18/19 15:00,0.000194395
4/18/19 16:00,0.000259298
4/18/19 17:00,0.000530339
4/18/19 18:00,-0.000182436
4/18/19 19:00,-6.1469E-05
4/18/19 20:00,-0.000255817
4/18/19 21:00,0.000110758
4/18/19 22:00,4.85758E-05
4/18/19 23:00,-6.79637E-05
4/19/19 0:00,8.43312E-05
4/19/19 1:00,-1.92286E-05
4/19/19 2:00,8.64628E-06
4/19/19 3:00,0.000188474
4/19/19 4:00,-2.98139E-05
4/19/19 5:00,6.72969E-05
4/19/19 6:00,-8.83844E-05
4/19/19 7:00,8.10733E-05
4/19/19 8:00,-3.32924E-05
4/19/19 9:00,4.06905E-06
4/19/19 10:00,-6.29382E-05
4/19/19 11:00,2.65096E-05
4/19/19 12:00,0.000100952
4/19/19 13:00,0.000201833
4/19/19 14:00,4.81911E-05
4/19/19 15:00,-0.000208197
4/19/19 16:00,1.89185E-05
4/19/19 17:00,-1.16293E-05
4/19/19 18:00,-8.52943E-05
4/19/19 19:00,-0.000100213
4/19/19 20:00,0.000123799
4/19/19 21:00,0.000102024
4/21/19 19:00,0
4/21/19 20:00,-0.000409135
4/21/19 21:00,0.000233603
4/21/19 22:00,7.84008E-05
4/21/19 23:00,4.67657E-05
4/22/19 0:00,-8.32236E-06
4/22/19 1:00,4.13132E-05
4/22/19 2:00,-0.000444344
4/22/19 3:00,-6.58323E-05
4/22/19 4:00,3.44765E-05
4/22/19 5:00,7.98815E-05
4/22/19 6:00,9.86069E-05
4/22/19 7:00,-0.00012183
4/22/19 8:00,0.000416368
4/22/19 9:00,-3.11283E-05
4/22/19 10:00,9.35632E-07
4/22/19 11:00,-2.47204E-05
4/22/19 12:00,8.22667E-05
4/22/19 13:00,0.000112032
4/22/19 14:00,0.000222339
4/22/19 15:00,0.000118518
4/22/19 16:00,1.99485E-05
4/22/19 17:00,-0.0001595
4/22/19 18:00,5.37903E-05
4/22/19 19:00,8.10001E-05
4/22/19 20:00,0.00012675
4/22/19 21:00,-7.20696E-05
4/22/19 22:00,7.35824E-05
4/22/19 23:00,7.138E-05
4/23/19 0:00,5.53649E-05
4/23/19 1:00,-0.000102904
4/23/19 2:00,0.00048047
4/23/19 3:00,-1.99506E-05
4/23/19 4:00,4.13677E-05
4/23/19 5:00,-2.86713E-06
4/23/19 6:00,-3.14916E-05
4/23/19 7:00,0.000358713
4/23/19 8:00,-0.000244001
4/23/19 9:00,1.48397E-05
4/23/19 10:00,8.03104E-05
4/23/19 11:00,3.15418E-05
4/23/19 12:00,-9.70657E-05
4/23/19 13:00,0.00111141
4/23/19 14:00,-0.001602269
4/23/19 15:00,-0.000348698
4/23/19 16:00,-1.7531E-05
4/23/19 17:00,-0.000335992
4/23/19 18:00,-0.000266372
4/23/19 19:00,7.10405E-05
4/23/19 20:00,3.46042E-05
4/23/19 21:00,-0.000237425
4/23/19 22:00,4.40119E-05
4/23/19 23:00,-1.48141E-05
4/24/19 0:00,-4.97037E-05
4/24/19 1:00,-0.000965095
4/24/19 2:00,0.002793001
4/24/19 3:00,-0.000378164
4/24/19 4:00,0.000160252
4/24/19 5:00,0.000482225
4/24/19 6:00,-8.12902E-05
4/24/19 7:00,-0.000222633
4/24/19 8:00,0.000471864
4/24/19 9:00,-0.001506927
4/24/19 10:00,0.000176469
4/24/19 11:00,0.000217978
4/24/19 12:00,0.001290939
4/24/19 13:00,0.001288886
4/24/19 14:00,-0.000606538
4/24/19 15:00,0.000144641
4/24/19 16:00,0.001240888
4/24/19 17:00,0.001909682
4/24/19 18:00,0.000292132
4/24/19 19:00,0.002023323
4/24/19 20:00,0.001671055
4/24/19 21:00,-7.4574E-05
4/24/19 22:00,0.000575105
4/24/19 23:00,6.2196E-05
4/25/19 0:00,2.6347E-05
4/25/19 1:00,-0.002301202
4/25/19 2:00,0.000135388
4/25/19 3:00,-6.66183E-05
4/25/19 4:00,-5.99133E-05
4/25/19 5:00,8.59791E-05
4/25/19 6:00,0.000111646
4/25/19 7:00,0.000259163
4/25/19 8:00,-0.000278532
4/25/19 9:00,-0.001008235
4/25/19 10:00,0.001348323
4/25/19 11:00,-0.000216638
4/25/19 12:00,0.000137247
4/25/19 13:00,-0.000744772
4/25/19 14:00,0.000798936
4/25/19 15:00,-0.000296577
4/25/19 16:00,0.000976701
4/25/19 17:00,0.000122934
4/25/19 18:00,0.000218889
4/25/19 19:00,-5.37588E-05
4/25/19 20:00,7.94739E-05
4/25/19 21:00,6.3031E-05
4/25/19 22:00,0.000101023
4/25/19 23:00,4.84156E-05
4/26/19 0:00,0.000127663
4/26/19 1:00,-0.000629831
4/26/19 2:00,0.000625842
4/26/19 3:00,-0.001553089
4/26/19 4:00,-5.54594E-05
4/26/19 5:00,0.000163827
4/26/19 6:00,-8.8811E-05
4/26/19 7:00,-0.000137852
4/26/19 8:00,-0.001257743
4/26/19 9:00,0.000294685
4/26/19 10:00,0.000107495
4/26/19 11:00,4.0801E-05
4/26/19 12:00,9.52769E-05
4/26/19 13:00,-0.004897171
4/26/19 14:00,-0.000888253
4/26/19 15:00,-0.001035561
4/26/19 16:00,0.000296341
4/26/19 17:00,7.19256E-05
4/26/19 18:00,2.38986E-05
4/26/19 19:00,-0.000102754
4/26/19 20:00,-0.000381595
4/26/19 21:00,0.000515438
4/28/19 19:00,9.25865E-05
4/28/19 20:00,-1.93947E-05
4/28/19 21:00,-8.65767E-05
4/28/19 22:00,4.60543E-05
4/28/19 23:00,-4.57185E-05
4/29/19 0:00,-5.20931E-05
4/29/19 1:00,5.5337E-05
4/29/19 2:00,8.34525E-05
4/29/19 3:00,-2.43435E-05
4/29/19 4:00,-5.64502E-05
4/29/19 5:00,-6.21494E-05
4/29/19 6:00,1.01895E-05
4/29/19 7:00,0.000114852
4/29/19 8:00,1.64125E-05
4/29/19 9:00,-0.00014585
4/29/19 10:00,0.000130129
4/29/19 11:00,0.000409236
4/29/19 12:00,-4.64819E-06
4/29/19 13:00,8.15305E-05
4/29/19 14:00,0.000533742
4/29/19 15:00,0.000756718
4/29/19 16:00,0.000300867
4/29/19 17:00,0.000342098
4/29/19 18:00,3.28436E-05
4/29/19 19:00,-6.74581E-05
4/29/19 20:00,3.66705E-05
4/29/19 21:00,4.46981E-05
4/29/19 22:00,0.000154133
4/29/19 23:00,-4.35218E-05
4/30/19 0:00,-5.18312E-05
4/30/19 1:00,0.000545407
4/30/19 2:00,0.001017875
4/30/19 3:00,0.000195707
4/30/19 4:00,0.000207757
4/30/19 5:00,-0.000114917
4/30/19 6:00,-6.47797E-05
4/30/19 7:00,8.7312E-05
4/30/19 8:00,0.000138785
4/30/19 9:00,0.000597954
4/30/19 10:00,-7.80643E-05
4/30/19 11:00,-0.000505859
4/30/19 12:00,0.000119486
4/30/19 13:00,0.0009415
4/30/19 14:00,-0.00127686
4/30/19 15:00,-0.000677107
4/30/19 16:00,-0.000282131
4/30/19 17:00,0.000991751
4/30/19 18:00,-0.000108404
4/30/19 19:00,8.20556E-05
4/30/19 20:00,5.87416E-05
4/30/19 21:00,0.00034219
4/30/19 22:00,0.000244659
4/30/19 23:00,-8.76916E-05
5/1/19 0:00,0.000274533
5/1/19 1:00,9.51049E-05
5/1/19 2:00,-2.74916E-05
5/1/19 3:00,1.06084E-05
5/1/19 4:00,-8.44003E-05
5/1/19 5:00,-1.5021E-05
5/1/19 6:00,0.000172316
5/1/19 7:00,-0.000162227
5/1/19 8:00,0.000549298
5/1/19 9:00,-6.06102E-05
5/1/19 10:00,-0.000395782
5/1/19 11:00,-5.76051E-05
5/1/19 12:00,3.33599E-05
5/1/19 13:00,0.000163092
5/1/19 14:00,0.001732792
5/1/19 15:00,-0.000195851
5/1/19 16:00,0.000116651
5/1/19 17:00,-9.57945E-05
5/1/19 18:00,0.00021947
5/1/19 19:00,0.007709644
5/1/19 20:00,0.000402327
5/1/19 21:00,-6.57577E-05
5/1/19 22:00,-0.000810249
5/1/19 23:00,6.98315E-05
5/2/19 0:00,1.3228E-05
5/2/19 1:00,0.000293621
5/2/19 2:00,-0.000170567
5/2/19 3:00,0.000129093
5/2/19 4:00,0.000269867
5/2/19 5:00,4.17741E-05
5/2/19 6:00,-8.26711E-05
5/2/19 7:00,-8.40925E-05
5/2/19 8:00,0.000812633
5/2/19 9:00,0.000141833
5/2/19 10:00,0.000218213
5/2/19 11:00,0.000206381
5/2/19 12:00,-0.000111399
5/2/19 13:00,0.000549225
5/2/19 14:00,-0.000727023
5/2/19 15:00,-0.000219496
5/2/19 16:00,0.000516016
5/2/19 17:00,0.000250021
5/2/19 18:00,1.51058E-05
5/2/19 19:00,3.76026E-05
5/2/19 20:00,-5.85972E-05
5/2/19 21:00,1.03878E-05
5/2/19 22:00,0.000122401
5/2/19 23:00,-5.02957E-05
5/3/19 0:00,0.000154692
5/3/19 1:00,3.20025E-05
5/3/19 2:00,0.000190615
5/3/19 3:00,0.000121538
5/3/19 4:00,-0.000101922
5/3/19 5:00,-1.21292E-05
5/3/19 6:00,0.000124306
5/3/19 7:00,0.000246295
5/3/19 8:00,0.000232556
5/3/19 9:00,0.00030886
5/3/19 10:00,-0.000429616
5/3/19 11:00,0.000187872
5/3/19 12:00,0.000108515
5/3/19 13:00,-0.004627446
5/3/19 14:00,0.000216009
5/3/19 15:00,-0.000321226
5/3/19 16:00,-0.000474866
5/3/19 17:00,-0.000284853
5/3/19 18:00,-0.000233593
5/3/19 19:00,-7.29106E-05
5/3/19 20:00,0.000175862
5/3/19 21:00,9.34842E-05
5/5/19 19:00,-0.001327463
5/5/19 20:00,-0.000754041
5/5/19 21:00,-0.000491553
5/5/19 22:00,-0.000166698
5/5/19 23:00,0.000279498
5/6/19 0:00,0.003679874
5/6/19 1:00,0.000119956
5/6/19 2:00,0.00331862
5/6/19 3:00,0.000106126
5/6/19 4:00,-0.000295809
5/6/19 5:00,0.001686126
5/6/19 6:00,0.000200429
5/6/19 7:00,-0.00038916
5/6/19 8:00,-0.000454403
5/6/19 9:00,-9.07128E-05
5/6/19 10:00,0.000130982
5/6/19 11:00,-0.000458188
5/6/19 12:00,-6.26888E-05
5/6/19 13:00,9.74927E-05
5/6/19 14:00,0.000401324
5/6/19 15:00,-0.000380932
5/6/19 16:00,-0.0001313
5/6/19 17:00,0.000189482
5/6/19 18:00,0.000243145
5/6/19 19:00,-0.000197436
5/6/19 20:00,7.66063E-05
5/6/19 21:00,-0.000241321
5/6/19 22:00,-0.00100345
5/6/19 23:00,0.000316459
5/7/19 0:00,-0.000213354
5/7/19 1:00,3.22149E-05
5/7/19 2:00,0.000248764
5/7/19 3:00,1.28E-05
5/7/19 4:00,-0.000361728
5/7/19 5:00,0.006843143
5/7/19 6:00,0.000217913
5/7/19 7:00,-2.34695E-06
5/7/19 8:00,0.000272473
5/7/19 9:00,-0.000257301
5/7/19 10:00,1.28378E-05
5/7/19 11:00,-0.000149833
5/7/19 12:00,-0.000321283
5/7/19 13:00,1.38706E-05
5/7/19 14:00,0.000697506
5/7/19 15:00,-0.000291076
5/7/19 16:00,3.99062E-05
5/7/19 17:00,-7.37577E-05
5/7/19 18:00,0.000148895
5/7/19 19:00,-0.000909549
5/7/19 20:00,-0.00014189
5/7/19 21:00,-2.63573E-05
5/7/19 22:00,0.000160779
5/7/19 23:00,1.24951E-06
5/8/19 0:00,-2.26639E-05
5/8/19 1:00,6.46647E-05
5/8/19 2:00,-8.40204E-05
5/8/19 3:00,-0.0011969
5/8/19 4:00,-0.000443582
5/8/19 5:00,0.000223306
5/8/19 6:00,-9.24069E-05
5/8/19 7:00,-4.35626E-05
5/8/19 8:00,-9.86079E-05
5/8/19 9:00,-0.000148668
5/8/19 10:00,-0.000175232
5/8/19 11:00,-0.000445095
5/8/19 12:00,-4.42905E-05
5/8/19 13:00,-0.000967117
5/8/19 14:00,-5.22568E-05
5/8/19 15:00,-0.000601253
5/8/19 16:00,-0.000153519
5/8/19 17:00,0.00048476
5/8/19 18:00,-3.60613E-05
5/8/19 19:00,1.13831E-06
5/8/19 20:00,-2.68092E-05
5/8/19 21:00,0.000100113
5/8/19 22:00,-7.3277E-05
5/8/19 23:00,-3.58929E-05
5/9/19 0:00,8.21801E-05
5/9/19 1:00,-0.000333204
5/9/19 2:00,-0.000633109
5/9/19 3:00,-0.000586173
5/9/19 4:00,0.000223128
5/9/19 5:00,0.000108561
5/9/19 6:00,5.21348E-05
5/9/19 7:00,-0.000178665
5/9/19 8:00,-0.000374795
5/9/19 9:00,-0.000448969
5/9/19 10:00,8.80578E-05
5/9/19 11:00,0.000356369
5/9/19 12:00,0.000326962
5/9/19 13:00,0.000709047
5/9/19 14:00,0.001399159
5/9/19 15:00,-0.000917889
5/9/19 16:00,-1.52468E-05
5/9/19 17:00,0.001781447
5/9/19 18:00,-0.000129867
5/9/19 19:00,0.000148894
5/9/19 20:00,-0.000204617
5/9/19 21:00,0.000141378
5/9/19 22:00,0.000112115
5/9/19 23:00,7.75151E-06
5/10/19 0:00,3.10398E-05
5/10/19 1:00,2.41704E-05
5/10/19 2:00,0.000237837
5/10/19 3:00,0.002911705
5/10/19 4:00,-0.000423035
5/10/19 5:00,-0.002559551
5/10/19 6:00,0.000215847
5/10/19 7:00,0.000174792
5/10/19 8:00,-0.000472584
5/10/19 9:00,-5.70198E-05
5/10/19 10:00,-0.000109711
5/10/19 11:00,0.000119367
5/10/19 12:00,-9.23744E-06
5/10/19 13:00,0.001393263
5/10/19 14:00,-8.01372E-05
5/10/19 15:00,0.000141195
5/10/19 16:00,-2.05069E-05
5/10/19 17:00,-3.92998E-06
5/10/19 18:00,-0.000463226
5/10/19 19:00,-0.000117826
5/10/19 20:00,-0.00163499
5/10/19 21:00,-1.47353E-05
5/12/19 19:00,0
5/12/19 20:00,4.88454E-05
5/12/19 21:00,0.000235484
5/12/19 22:00,-0.000674263
5/12/19 23:00,0.000102864
5/13/19 0:00,-0.000444327
5/13/19 1:00,0.000269122
5/13/19 2:00,-0.000112925
5/13/19 3:00,-0.000272201
5/13/19 4:00,-7.392E-05
5/13/19 5:00,0.000168291
5/13/19 6:00,0.000121323
5/13/19 7:00,-0.000230347
5/13/19 8:00,-0.000419431
5/13/19 9:00,0.000362206
5/13/19 10:00,-0.000247501
5/13/19 11:00,0.000327979
5/13/19 12:00,-0.00027716
5/13/19 13:00,0.002574246
5/13/19 14:00,-6.3366E-05
5/13/19 15:00,-6.25023E-05
5/13/19 16:00,-0.000228891
5/13/19 17:00,-0.000438146
5/13/19 18:00,0.000688641
5/13/19 19:00,-0.000564305
5/13/19 20:00,0.000317773
5/13/19 21:00,-0.00030306
5/13/19 22:00,-0.000267443
5/13/19 23:00,4.72623E-06
5/14/19 0:00,0.000202259
5/14/19 1:00,0.002018942
5/14/19 2:00,-3.37029E-05
5/14/19 3:00,0.000182399
5/14/19 4:00,5.54362E-05
5/14/19 5:00,-0.00041485
5/14/19 6:00,1.8091E-05
5/14/19 7:00,-4.23993E-06
5/14/19 8:00,-0.000662862
5/14/19 9:00,-0.000207724
5/14/19 10:00,0.000250053
5/14/19 11:00,-0.000416295
5/14/19 12:00,-3.3204E-05
5/14/19 13:00,-0.00037166
5/14/19 14:00,0.000174283
5/14/19 15:00,0.000413019
5/14/19 16:00,-3.34133E-05
5/14/19 17:00,-3.21384E-05
5/14/19 18:00,-1.73427E-05
5/14/19 19:00,-4.35215E-05
5/14/19 20:00,-0.000109007
5/14/19 21:00,4.28901E-05
5/14/19 22:00,0.000108199
5/14/19 23:00,0.00011773
5/15/19 0:00,-7.2639E-05
5/15/19 1:00,-0.000912057
5/15/19 2:00,0.000253634
5/15/19 3:00,7.06999E-05
5/15/19 4:00,-4.34692E-05
5/15/19 5:00,-2.94604E-05
5/15/19 6:00,0.000138184
5/15/19 7:00,0.000398701
5/15/19 8:00,0.001576452
5/15/19 9:00,-2.81592E-05
5/15/19 10:00,0.000349524
5/15/19 11:00,7.81575E-06
5/15/19 12:00,0.000178202
5/15/19 13:00,-0.001442359
5/15/19 14:00,-0.000839629
5/15/19 15:00,0.001054341
5/15/19 16:00,-0.000406932
5/15/19 17:00,0.000626228
5/15/19 18:00,-8.11819E-05
5/15/19 19:00,-0.000143618
5/15/19 20:00,8.09023E-05
5/15/19 21:00,0.000122826
5/15/19 22:00,5.11615E-06
5/15/19 23:00,0.0001389
5/16/19 0:00,-5.29426E-05
5/16/19 1:00,-0.000186451
5/16/19 2:00,-0.000334171
5/16/19 3:00,-0.000600514
5/16/19 4:00,-2.08872E-05
5/16/19 5:00,2.88244E-05
5/16/19 6:00,-1.23693E-05
5/16/19 7:00,-4.01778E-05
5/16/19 8:00,-0.000251716
5/16/19 9:00,-0.000156295
5/16/19 10:00,-0.00104717
5/16/19 11:00,0.000123139
5/16/19 12:00,6.19522E-05
5/16/19 13:00,0.000575546
5/16/19 14:00,-0.000151172
5/16/19 15:00,-2.44009E-05
5/16/19 16:00,0.000246476
5/16/19 17:00,-1.16485E-05
5/16/19 18:00,-0.000135084
5/16/19 19:00,-5.83856E-05
5/16/19 20:00,1.98215E-05
5/16/19 21:00,7.07268E-05
5/16/19 22:00,0.000183785
5/16/19 23:00,-1.00593E-05
5/17/19 0:00,1.07604E-05
5/17/19 1:00,-8.03738E-05
5/17/19 2:00,0.000189738
5/17/19 3:00,0.000365468
5/17/19 4:00,-0.000441188
5/17/19 5:00,7.15176E-05
5/17/19 6:00,0.000326107
5/17/19 7:00,0.000274654
5/17/19 8:00,-0.000185289
5/17/19 9:00,0.000472802
5/17/19 10:00,0.000751076
5/17/19 11:00,0.000172076
5/17/19 12:00,7.54569E-05
5/17/19 13:00,-0.000189897
5/17/19 14:00,0.000515569
5/17/19 15:00,-0.000135593
5/17/19 16:00,0.000543825
5/17/19 17:00,0.000433944
5/17/19 18:00,-0.00067697
5/17/19 19:00,-0.000103752
5/17/19 20:00,-0.000108831
5/17/19 21:00,0.000175287
5/19/19 19:00,-0.000103171
5/19/19 20:00,0.002243801
5/19/19 21:00,0.000102799
5/19/19 22:00,0.000191951
5/19/19 23:00,-0.000463021
5/20/19 0:00,0.001217459
5/20/19 1:00,-0.000216142
5/20/19 2:00,-4.25277E-06
5/20/19 3:00,5.96901E-05
5/20/19 4:00,-0.000196858
5/20/19 5:00,-9.62876E-05
5/20/19 6:00,8.70992E-05
5/20/19 7:00,0.000219513
5/20/19 8:00,0.00035172
5/20/19 9:00,0.000274953
5/20/19 10:00,0.000205406
5/20/19 11:00,0.000917983
5/20/19 12:00,1.86962E-06
5/20/19 13:00,5.34554E-05
5/20/19 14:00,-0.000537265
5/20/19 15:00,-0.000921388
5/20/19 16:00,0.000184378
5/20/19 17:00,0.000190288
5/20/19 18:00,-0.000153242
5/20/19 19:00,-1.01245E-05
5/20/19 20:00,7.60196E-05
5/20/19 21:00,-7.15704E-05
5/20/19 22:00,9.34141E-05
5/20/19 23:00,-8.00505E-05
5/21/19 0:00,0.000344561
5/21/19 1:00,-0.000151018
5/21/19 2:00,-0.000482656
5/21/19 3:00,-4.49034E-05
5/21/19 4:00,0.000340494
5/21/19 5:00,-0.000253418
5/21/19 6:00,-0.000142048
5/21/19 7:00,-0.000302705
5/21/19 8:00,0.001003783
5/21/19 9:00,-0.000390736
5/21/19 10:00,0.000205956
5/21/19 11:00,-0.00012434
5/21/19 12:00,-0.000214115
5/21/19 13:00,-0.001056853
5/21/19 14:00,0.000672919
5/21/19 15:00,0.002378008
5/21/19 16:00,0.001350852
5/21/19 17:00,-0.000224661
5/21/19 18:00,-0.000203772
5/21/19 19:00,-0.000488538
5/21/19 20:00,-0.00017098
5/21/19 21:00,-0.000169644
5/21/19 22:00,7.48038E-05
5/21/19 23:00,-0.000173264
5/22/19 0:00,0.00016337
5/22/19 1:00,-0.000627854
5/22/19 2:00,0.000520513
5/22/19 3:00,0.000196577
5/22/19 4:00,-4.5921E-05
5/22/19 5:00,-0.000383091
5/22/19 6:00,-9.88673E-05
5/22/19 7:00,-0.000679439
5/22/19 8:00,-0.000164841
5/22/19 9:00,-0.000502206
5/22/19 10:00,-0.000271038
5/22/19 11:00,-2.04904E-05
5/22/19 12:00,-0.000359506
5/22/19 13:00,-0.001031023
5/22/19 14:00,-0.000219492
5/22/19 15:00,0.000568984
5/22/19 16:00,-0.00029756
5/22/19 17:00,-0.000204401
5/22/19 18:00,1.42137E-05
5/22/19 19:00,0.000368305
5/22/19 20:00,3.38464E-05
5/22/19 21:00,-9.12054E-06
5/22/19 22:00,2.36003E-05
5/22/19 23:00,7.77078E-07
5/23/19 0:00,-0.000107378
5/23/19 1:00,-0.000192994
5/23/19 2:00,-0.000387697
5/23/19 3:00,-0.000158977
5/23/19 4:00,-3.85437E-05
5/23/19 5:00,4.24351E-05
5/23/19 6:00,-0.000101893
5/23/19 7:00,-0.000663728
5/23/19 8:00,-0.000481122
5/23/19 9:00,0.000927127
5/23/19 10:00,-0.00036604
5/23/19 11:00,0.000271232
5/23/19 12:00,-0.000199061
5/23/19 13:00,-0.00027973
5/23/19 14:00,-0.005774396
5/23/19 15:00,0.000660427
5/23/19 16:00,0.00188861
5/23/19 17:00,-0.00017596
5/23/19 18:00,8.10339E-05
5/23/19 19:00,-0.000476822
5/23/19 20:00,0.000812393
5/23/19 21:00,4.35423E-05
5/23/19 22:00,0.000235009
5/23/19 23:00,0.00026829
5/24/19 0:00,0.000252852
5/24/19 1:00,1.70482E-06
5/24/19 2:00,0.001347871
5/24/19 3:00,-0.000218014
5/24/19 4:00,-0.000677984
5/24/19 5:00,4.83841E-05
5/24/19 6:00,7.63949E-05
5/24/19 7:00,0.000106026
5/24/19 8:00,-0.000634049
5/24/19 9:00,-0.0002629
5/24/19 10:00,-0.000345064
5/24/19 11:00,-0.000325032
5/24/19 12:00,-6.2753E-05
5/24/19 13:00,8.30523E-05
5/24/19 14:00,-0.000279306
5/24/19 15:00,0.000420449
5/24/19 16:00,0.000219486
5/24/19 17:00,-8.87015E-05
5/24/19 18:00,-0.000193632
5/24/19 19:00,-0.000244304
5/24/19 20:00,8.91185E-05
5/24/19 21:00,-7.20932E-05
5/26/19 19:00,-7.87022E-05
5/26/19 20:00,0.00198498
5/26/19 21:00,0.000154094
5/26/19 22:00,-0.000156652
5/26/19 23:00,0.000235972
5/27/19 0:00,9.94667E-05
5/27/19 1:00,0.000156343
5/27/19 2:00,4.66191E-05
5/27/19 3:00,5.59008E-05
5/27/19 4:00,-6.00153E-05
5/27/19 5:00,-3.96806E-05
5/27/19 6:00,-6.55324E-05
5/27/19 7:00,5.60777E-05
5/27/19 8:00,0.000601122
5/27/19 9:00,-0.000614155
5/27/19 10:00,-0.000223421
5/27/19 11:00,-0.000236077
5/27/19 12:00,0.000133678
5/27/19 13:00,0.000372478
5/27/19 14:00,-7.61046E-05
5/27/19 15:00,-2.39823E-05
5/27/19 16:00,-9.20658E-05
5/27/19 17:00,5.56396E-05
5/27/19 18:00,6.55503E-05
5/27/19 19:00,3.41083E-05
5/27/19 20:00,-3.72794E-05
5/27/19 21:00,5.229E-05
5/27/19 22:00,2.602E-05
5/27/19 23:00,-3.54518E-05
5/28/19 0:00,2.18753E-05
5/28/19 1:00,0.000167941
5/28/19 2:00,0.000181275
5/28/19 3:00,-4.1832E-05
5/28/19 4:00,-1.03044E-05
5/28/19 5:00,-0.000305182
5/28/19 6:00,-2.00135E-05
5/28/19 7:00,-0.000648483
5/28/19 8:00,0.000223895
5/28/19 9:00,-3.05137E-05
5/28/19 10:00,0.000730569
5/28/19 11:00,2.62119E-05
5/28/19 12:00,0.000127843
5/28/19 13:00,-0.000252384
5/28/19 14:00,-4.86727E-05
5/28/19 15:00,0.000907714
5/28/19 16:00,4.91786E-05
5/28/19 17:00,-0.000284462
5/28/19 18:00,0.000131792
5/28/19 19:00,-0.000153906
5/28/19 20:00,-0.000227442
5/28/19 21:00,9.30835E-05
5/28/19 22:00,0.000186193
5/28/19 23:00,-2.57256E-05
5/29/19 0:00,-2.98948E-05
5/29/19 1:00,0.000110388
5/29/19 2:00,-0.00016226
5/29/19 3:00,-4.53826E-05
5/29/19 4:00,8.80039E-05
5/29/19 5:00,-0.000223803
5/29/19 6:00,2.34754E-05
5/29/19 7:00,0.000643565
5/29/19 8:00,-0.000307906
5/29/19 9:00,-0.000564012
5/29/19 10:00,0.000263735
5/29/19 11:00,-0.000201881
5/29/19 12:00,0.000391288
5/29/19 13:00,4.43327E-05
5/29/19 14:00,0.000200929
5/29/19 15:00,-0.000570877
5/29/19 16:00,-0.001382179
5/29/19 17:00,0.000699719
5/29/19 18:00,-0.000392428
5/29/19 19:00,0.000278847
5/29/19 20:00,0.001107915
5/29/19 21:00,0.000111886
5/29/19 22:00,0.000116878
5/29/19 23:00,9.40718E-06
5/30/19 0:00,-5.67014E-05
5/30/19 1:00,-3.67401E-06
5/30/19 2:00,-0.001053728
5/30/19 3:00,-8.78442E-05
5/30/19 4:00,-4.6864E-05
5/30/19 5:00,-0.000212864
5/30/19 6:00,0.000106226
5/30/19 7:00,8.15389E-05
5/30/19 8:00,-0.000335311
5/30/19 9:00,-6.05863E-06
5/30/19 10:00,0.00026475
5/30/19 11:00,0.000265664
5/30/19 12:00,-3.59973E-05
5/30/19 13:00,-0.000401551
5/30/19 14:00,0.000489828
5/30/19 15:00,0.000239574
5/30/19 16:00,0.000955916
5/30/19 17:00,0.000327152
5/30/19 18:00,0.000126525
5/30/19 19:00,-0.000416669
5/30/19 20:00,8.82495E-05
5/30/19 21:00,0.000241514
5/30/19 22:00,-7.5125E-06
5/30/19 23:00,3.56215E-05
5/31/19 0:00,0.002064554
5/31/19 1:00,-0.001972107
5/31/19 2:00,0.000681446
5/31/19 3:00,-0.001571255
5/31/19 4:00,-0.000394357
5/31/19 5:00,-5.0065E-05
5/31/19 6:00,-0.000407279
5/31/19 7:00,-0.000264197
5/31/19 8:00,0.000386369
5/31/19 9:00,-0.00059867
5/31/19 10:00,-0.000362517
5/31/19 11:00,0.00022728
5/31/19 12:00,-0.000359389
5/31/19 13:00,-0.001207178
5/31/19 14:00,-9.92267E-05
5/31/19 15:00,-0.000676525
5/31/19 16:00,0.00064255
5/31/19 17:00,0.000190314
5/31/19 18:00,-0.00058256
5/31/19 19:00,0.000193945
5/31/19 20:00,1.05653E-05
5/31/19 21:00,0.000321628
6/2/19 20:00,-0.001647787
6/2/19 21:00,-0.000217161
6/2/19 22:00,-5.43552E-05
6/2/19 23:00,0.000810659
6/3/19 0:00,-0.000589302
6/3/19 1:00,0.001120925
6/3/19 2:00,-0.000625551
6/3/19 3:00,5.95776E-05
6/3/19 4:00,-2.4512E-05
6/3/19 5:00,1.73718E-05
6/3/19 6:00,0.000429431
6/3/19 7:00,5.67411E-05
6/3/19 8:00,0.001821537
6/3/19 9:00,-9.37091E-05
6/3/19 10:00,0.001244308
6/3/19 11:00,-1.48646E-05
6/3/19 12:00,0.000154935
6/3/19 13:00,-0.00115168
6/3/19 14:00,0.000588232
6/3/19 15:00,0.001644645
6/3/19 16:00,-0.000181409
6/3/19 17:00,0.00144528
6/3/19 18:00,0.00300543
6/3/19 19:00,0.000121934
6/3/19 20:00,-0.00093314
6/3/19 21:00,-0.00014565
6/3/19 22:00,0.000129759
6/3/19 23:00,-8.13177E-05
6/4/19 0:00,-6.33419E-05
6/4/19 1:00,0.000230133
6/4/19 2:00,-0.000453939
6/4/19 3:00,0.000600653
6/4/19 4:00,-4.88795E-05
6/4/19 5:00,-0.000901035
6/4/19 6:00,0.001260355
6/4/19 7:00,0.000139258
6/4/19 8:00,-0.001026535
6/4/19 9:00,0.000295969
6/4/19 10:00,-0.001593685
6/4/19 11:00,-0.002595514
6/4/19 12:00,0.000597923
6/4/19 13:00,0.000537528
6/4/19 14:00,0.000302865
6/4/19 15:00,0.000181355
6/4/19 16:00,-0.000767196
6/4/19 17:00,-0.000395832
6/4/19 18:00,0.000636658
6/4/19 19:00,0.000314555
6/4/19 20:00,0.000174467
6/4/19 21:00,-2.0383E-05
6/4/19 22:00,5.48351E-05
6/4/19 23:00,0.000153354
6/5/19 0:00,-6.77937E-05
6/5/19 1:00,0.000173348
6/5/19 2:00,-0.00011522
6/5/19 3:00,0.000180706
6/5/19 4:00,-0.000212982
6/5/19 5:00,0.000200523
6/5/19 6:00,7.69183E-05
6/5/19 7:00,-0.00129392
6/5/19 8:00,0.000115857
6/5/19 9:00,-3.52506E-05
6/5/19 10:00,-0.000236607
6/5/19 11:00,0.001328785
6/5/19 12:00,0.000360121
6/5/19 13:00,0.009105242
6/5/19 14:00,0.00379598
6/5/19 15:00,-0.001807412
6/5/19 16:00,0.002535652
6/5/19 17:00,4.22786E-06
6/5/19 18:00,-0.000221432
6/5/19 19:00,-0.000101969
6/5/19 20:00,-9.04977E-05
6/5/19 21:00,-7.32408E-05
6/5/19 22:00,0.000474287
6/5/19 23:00,-7.11494E-05
6/6/19 0:00,-1.69724E-05
6/6/19 1:00,7.77211E-06
6/6/19 2:00,-0.000103424
6/6/19 3:00,0.000155005
6/6/19 4:00,6.07853E-06
6/6/19 5:00,0.000201895
6/6/19 6:00,0.000258652
6/6/19 7:00,-0.000555398
6/6/19 8:00,0.000229029
6/6/19 9:00,2.60802E-05
6/6/19 10:00,0.000364422
6/6/19 11:00,9.87477E-05
6/6/19 12:00,0.001385486
6/6/19 13:00,-0.000168446
6/6/19 14:00,0.001698306
6/6/19 15:00,0.001902074
6/6/19 16:00,-0.001236948
6/6/19 17:00,-9.92518E-05
6/6/19 18:00,-6.63573E-05
6/6/19 19:00,0.000851572
6/6/19 20:00,-0.000177642
6/6/19 21:00,0.000148392
6/6/19 22:00,-4.99224E-05
6/6/19 23:00,9.31701E-05
6/7/19 0:00,-0.000278288
6/7/19 1:00,3.18094E-06
6/7/19 2:00,0.0001133
6/7/19 3:00,0.000112336
6/7/19 4:00,-2.94895E-05
6/7/19 5:00,-4.51191E-05
6/7/19 6:00,-1.11531E-05
6/7/19 7:00,0.000237319
6/7/19 8:00,-0.000105381
6/7/19 9:00,0.000182719
6/7/19 10:00,-9.18936E-05
6/7/19 11:00,2.997E-05
6/7/19 12:00,-5.1804E-05
6/7/19 13:00,0.007338372
6/7/19 14:00,-0.000757336
6/7/19 15:00,0.000203126
6/7/19 16:00,0.00089183
6/7/19 17:00,2.31944E-05
6/7/19 18:00,3.03547E-05
6/7/19 19:00,8.73268E-05
6/7/19 20:00,5.20569E-05
6/7/19 21:00,3.0434E-05
6/9/19 19:00,-0.000332588
6/9/19 20:00,0.0025172
6/9/19 21:00,-0.000624306
6/9/19 22:00,-0.000528124
6/9/19 23:00,5.72017E-05
6/10/19 0:00,-5.02352E-05
6/10/19 1:00,7.30438E-05
6/10/19 2:00,-8.45743E-05
6/10/19 3:00,-4.08269E-05
6/10/19 4:00,-8.7301E-05
6/10/19 5:00,-3.06518E-05
6/10/19 6:00,0.000209247
6/10/19 7:00,5.53409E-05
6/10/19 8:00,0.000605196
6/10/19 9:00,-0.00068317
6/10/19 10:00,5.03413E-05
6/10/19 11:00,-0.000182817
6/10/19 12:00,0.000120299
6/10/19 13:00,0.001114065
6/10/19 14:00,-0.000148434
6/10/19 15:00,0.000408471
6/10/19 16:00,-1.27066E-05
6/10/19 17:00,0.00012657
6/10/19 18:00,2.80568E-06
6/10/19 19:00,-0.001068819
6/10/19 20:00,6.77631E-05
6/10/19 21:00,6.54076E-05
6/10/19 22:00,2.55611E-05
6/10/19 23:00,0.00014237
6/11/19 0:00,8.2258E-05
6/11/19 1:00,4.07086E-05
6/11/19 2:00,-0.001343009
6/11/19 3:00,-0.000130312
6/11/19 4:00,0.000193397
6/11/19 5:00,1.35114E-05
6/11/19 6:00,-0.000305699
6/11/19 7:00,0.000871814
6/11/19 8:00,-0.000354966
6/11/19 9:00,-0.000469665
6/11/19 10:00,-3.26029E-05
6/11/19 11:00,0.000116548
6/11/19 12:00,-8.60671E-06
6/11/19 13:00,-0.001269935
6/11/19 14:00,-5.02243E-05
6/11/19 15:00,-0.000306592
6/11/19 16:00,-0.000323548
6/11/19 17:00,-6.63428E-05
6/11/19 18:00,0.000198282
6/11/19 19:00,0.000152393
6/11/19 20:00,3.76626E-05
6/11/19 21:00,0.000122179
6/11/19 22:00,5.24324E-05
6/11/19 23:00,0.000147193
6/12/19 0:00,-7.83284E-05
6/12/19 1:00,0.000141695
6/12/19 2:00,0.000228141
6/12/19 3:00,-0.000122941
6/12/19 4:00,-0.00013002
6/12/19 5:00,5.78163E-06
6/12/19 6:00,0.000183003
6/12/19 7:00,-9.0416E-05
6/12/19 8:00,7.07998E-05
6/12/19 9:00,-1.74337E-06
6/12/19 10:00,7.41462E-05
6/12/19 11:00,-0.000385514
6/12/19 12:00,-0.000353962
6/12/19 13:00,-0.001646355
6/12/19 14:00,-1.87408E-05
6/12/19 15:00,-0.000564757
6/12/19 16:00,-0.000257813
6/12/19 17:00,-0.000180197
6/12/19 18:00,-0.000120479
6/12/19 19:00,-0.000176101
6/12/19 20:00,-3.94622E-05
6/12/19 21:00,-9.71784E-05
6/12/19 22:00,8.23457E-05
6/12/19 23:00,-2.29437E-05
6/13/19 0:00,0.0001045
6/13/19 1:00,0.000121658
6/13/19 2:00,0.00056885
6/13/19 3:00,-0.000703799
6/13/19 4:00,3.43578E-05
6/13/19 5:00,-3.48767E-05
6/13/19 6:00,0.000162759
6/13/19 7:00,-0.000348026
6/13/19 8:00,0.00129179
6/13/19 9:00,-0.00064905
6/13/19 10:00,0.00016673
6/13/19 11:00,-0.000216696
6/13/19 12:00,0.000455009
6/13/19 13:00,0.00092916
6/13/19 14:00,-0.000140865
6/13/19 15:00,-0.001609553
6/13/19 16:00,0.000144542
6/13/19 17:00,4.47427E-05
6/13/19 18:00,-0.000164056
6/13/19 19:00,-0.000556258
6/13/19 20:00,3.72584E-05
6/13/19 21:00,1.16792E-05
6/13/19 22:00,0.000109594
6/13/19 23:00,5.24368E-05
6/14/19 0:00,1.88242E-05
6/14/19 1:00,6.34071E-05
6/14/19 2:00,0.000501933
6/14/19 3:00,3.7935E-05
6/14/19 4:00,-9.8302E-05
6/14/19 5:00,-7.79072E-05
6/14/19 6:00,0.000112295
6/14/19 7:00,0.000443396
6/14/19 8:00,0.000134308
6/14/19 9:00,5.75377E-05
6/14/19 10:00,-0.00083976
6/14/19 11:00,-0.000100276
6/14/19 12:00,0.000110264
6/14/19 13:00,0.004317225
6/14/19 14:00,0.000590538
6/14/19 15:00,0.000420315
6/14/19 16:00,-7.55962E-05
6/14/19 17:00,-4.69623E-05
6/14/19 18:00,-0.000101357
6/14/19 19:00,-7.30184E-05
6/14/19 20:00,-4.24585E-05
6/14/19 21:00,5.02442E-05
6/16/19 20:00,5.62825E-05
6/16/19 21:00,-0.000248136
6/16/19 22:00,0.00017546
6/16/19 23:00,1.19185E-05
6/17/19 0:00,-8.72905E-05
6/17/19 1:00,-0.00011299
6/17/19 2:00,-5.15844E-05
6/17/19 3:00,-9.78343E-05
6/17/19 4:00,0.000134725
6/17/19 5:00,4.03148E-05
6/17/19 6:00,-0.000160389
6/17/19 7:00,-8.43713E-05
6/17/19 8:00,0.000447338
6/17/19 9:00,0.000634178
6/17/19 10:00,-6.12907E-05
6/17/19 11:00,-9.35099E-05
6/17/19 12:00,-0.000217075
6/17/19 13:00,0.000319068
6/17/19 14:00,0.000128447
6/17/19 15:00,0.000696703
6/17/19 16:00,0.000569979
6/17/19 17:00,3.82056E-05
6/17/19 18:00,-6.65764E-06
6/17/19 19:00,-0.000298808
6/17/19 20:00,-9.48436E-05
6/17/19 21:00,-2.92364E-05
6/17/19 22:00,5.54744E-05
6/17/19 23:00,4.35505E-05
6/18/19 0:00,-4.00346E-05
6/18/19 1:00,0.000114727
6/18/19 2:00,0.001429816
6/18/19 3:00,7.04742E-05
6/18/19 4:00,0.000103859
6/18/19 5:00,0.000165344
6/18/19 6:00,0.000133772
6/18/19 7:00,0.000140214
6/18/19 8:00,-0.000124698
6/18/19 9:00,0.005984984
6/18/19 10:00,-9.88218E-05
6/18/19 11:00,0.000464457
6/18/19 12:00,6.38513E-05
6/18/19 13:00,-0.000550213
6/18/19 14:00,0.003204905
6/18/19 15:00,0.000372996
6/18/19 16:00,-0.000288894
6/18/19 17:00,2.5916E-05
6/18/19 18:00,7.40613E-05
6/18/19 19:00,0.000106239
6/18/19 20:00,-6.5097E-05
6/18/19 21:00,6.44572E-05
6/18/19 22:00,6.55092E-05
6/18/19 23:00,0.000124792
6/19/19 0:00,-0.000298387
6/19/19 1:00,0.000145437
6/19/19 2:00,-6.06509E-05
6/19/19 3:00,-0.000275731
6/19/19 4:00,5.64927E-05
6/19/19 5:00,0.000273833
6/19/19 6:00,7.68867E-05
6/19/19 7:00,0.000312535
6/19/19 8:00,-0.000446622
6/19/19 9:00,-0.000350823
6/19/19 10:00,7.90213E-05
6/19/19 11:00,0.000487403
6/19/19 12:00,0.000245805
6/19/19 13:00,0.000221028
6/19/19 14:00,-4.8958E-05
6/19/19 15:00,0.000890996
6/19/19 16:00,4.36487E-05
6/19/19 17:00,5.93061E-05
6/19/19 18:00,-0.000160703
6/19/19 19:00,0.00437831
6/19/19 20:00,0.001674953
6/19/19 21:00,-9.63046E-06
6/19/19 22:00,1.63777E-05
6/19/19 23:00,3.80144E-05
6/20/19 0:00,-0.000101326
6/20/19 1:00,0.005318502
6/20/19 2:00,6.93349E-05
6/20/19 3:00,-0.003238932
6/20/19 4:00,3.4361E-05
6/20/19 5:00,0.000105957
6/20/19 6:00,-0.000326999
6/20/19 7:00,-0.000918256
6/20/19 8:00,0.00055956
6/20/19 9:00,-0.000686796
6/20/19 10:00,-0.000286161
6/20/19 11:00,-0.000558222
6/20/19 12:00,-8.40684E-05
6/20/19 13:00,-0.001514313
6/20/19 14:00,-0.000376997
6/20/19 15:00,-0.000778275
6/20/19 16:00,-0.000159441
6/20/19 17:00,-0.000219576
6/20/19 18:00,8.63103E-05
6/20/19 19:00,1.90149E-05
6/20/19 20:00,0.000270055
6/20/19 21:00,0.000157263
6/20/19 22:00,0.000122319
6/20/19 23:00,9.2134E-05
6/21/19 0:00,8.3362E-05
6/21/19 1:00,7.25485E-05
6/21/19 2:00,0.000567366
6/21/19 3:00,-0.000413278
6/21/19 4:00,1.05049E-05
6/21/19 5:00,5.81733E-05
6/21/19 6:00,0.000222798
6/21/19 7:00,0.000392285
6/21/19 8:00,0.001888746
6/21/19 9:00,-5.47984E-05
6/21/19 10:00,-0.000347744
6/21/19 11:00,-0.001149554
6/21/19 12:00,-0.000723298
6/21/19 13:00,-7.39674E-07
6/21/19 14:00,0.000153067
6/21/19 15:00,-0.002481593
6/21/19 16:00,0.000555011
6/21/19 17:00,-0.000351515
6/21/19 18:00,-0.00022434
6/21/19 19:00,-0.000191752
6/21/19 20:00,-0.000560681
6/21/19 21:00,0.000121218
6/23/19 19:00,0.000110045
6/23/19 20:00,-0.000217116
6/23/19 21:00,3.48049E-06
6/23/19 22:00,8.0693E-05
6/23/19 23:00,0.000124753
6/24/19 0:00,0.000346288
6/24/19 1:00,-0.000887922
6/24/19 2:00,0.000110531
6/24/19 3:00,0.000383187
6/24/19 4:00,6.82011E-06
6/24/19 5:00,-2.04617E-05
6/24/19 6:00,2.8152E-05
6/24/19 7:00,0.000118811
6/24/19 8:00,-0.000192283
6/24/19 9:00,-0.000436631
6/24/19 10:00,0.000236424
6/24/19 11:00,0.000478596
6/24/19 12:00,-3.25992E-05
6/24/19 13:00,0.000350813
6/24/19 14:00,0.000253518
6/24/19 15:00,0.001244661
6/24/19 16:00,5.66587E-05
6/24/19 17:00,-0.000288985
6/24/19 18:00,-7.58073E-05
6/24/19 19:00,-0.000177744
6/24/19 20:00,0.000199578
6/24/19 21:00,3.46847E-05
6/24/19 22:00,-0.00011814
6/24/19 23:00,-9.2633E-06
6/25/19 0:00,-0.000137549
6/25/19 1:00,-0.000498884
6/25/19 2:00,0.000236285
6/25/19 3:00,-0.000456175
6/25/19 4:00,-0.000195626
6/25/19 5:00,-0.000817544
6/25/19 6:00,0.00305124
6/25/19 7:00,-0.002359165
6/25/19 8:00,0.000408452
6/25/19 9:00,-0.000480057
6/25/19 10:00,-0.000198428
6/25/19 11:00,-0.000232012
6/25/19 12:00,-0.000445236
6/25/19 13:00,0.001375532
6/25/19 14:00,-0.000127721
6/25/19 15:00,-0.00114937
6/25/19 16:00,8.74654E-05
6/25/19 17:00,0.006100649
6/25/19 18:00,-0.004966038
6/25/19 19:00,0.000200366
6/25/19 20:00,-0.000147612
6/25/19 21:00,4.3634E-05
6/25/19 22:00,0.00012542
6/25/19 23:00,3.57711E-05
6/26/19 0:00,1.95872E-05
6/26/19 1:00,0.000217435
6/26/19 2:00,-0.000108923
6/26/19 3:00,-0.000402176
6/26/19 4:00,5.52095E-05
6/26/19 5:00,-4.94931E-05
6/26/19 6:00,9.12341E-06
6/26/19 7:00,-0.000277605
6/26/19 8:00,-0.000874234
6/26/19 9:00,0.000468108
6/26/19 10:00,0.001984938
6/26/19 11:00,-0.000752425
6/26/19 12:00,0.000171928
6/26/19 13:00,-0.000361534
6/26/19 14:00,0.000291059
6/26/19 15:00,0.002505415
6/26/19 16:00,1.24237E-05
6/26/19 17:00,-0.000138813
6/26/19 18:00,-2.77948E-05
6/26/19 19:00,8.33101E-05
6/26/19 20:00,0.000166278
6/26/19 21:00,0.000133866
6/26/19 22:00,-6.85567E-05
6/26/19 23:00,-1.10222E-07
6/27/19 0:00,1.4454E-05
6/27/19 1:00,0.000100335
6/27/19 2:00,-0.000262165
6/27/19 3:00,0.000101876
6/27/19 4:00,-0.000189022
6/27/19 5:00,5.72948E-05
6/27/19 6:00,1.36941E-05
6/27/19 7:00,8.99522E-06
6/27/19 8:00,0.000276795
6/27/19 9:00,-7.15555E-05
6/27/19 10:00,-0.000513906
6/27/19 11:00,-1.83919E-05
6/27/19 12:00,0.000147837
6/27/19 13:00,-0.000329552
6/27/19 14:00,0.000438973
6/27/19 15:00,-0.001060376
6/27/19 16:00,0.000183684
6/27/19 17:00,8.01686E-05
6/27/19 18:00,6.2087E-05
6/27/19 19:00,-0.000322685
6/27/19 20:00,0.000350964
6/27/19 21:00,9.7605E-05
6/27/19 22:00,6.68977E-05
6/27/19 23:00,0.000110065
6/28/19 0:00,-0.00062306
6/28/19 1:00,-5.38653E-05
6/28/19 2:00,-0.000126341
6/28/19 3:00,-0.000130548
6/28/19 4:00,-3.93399E-05
6/28/19 5:00,0.000131368
6/28/19 6:00,8.90639E-05
6/28/19 7:00,6.30052E-05
6/28/19 8:00,-0.000260085
6/28/19 9:00,0.00029816
6/28/19 10:00,-0.000118844
6/28/19 11:00,-4.02665E-05
6/28/19 12:00,-0.000733413
6/28/19 13:00,-7.28659E-05
6/28/19 14:00,-5.91698E-05
6/28/19 15:00,-0.000496956
6/28/19 16:00,0.000272223
6/28/19 17:00,0.000195982
6/28/19 18:00,7.04946E-06
6/28/19 19:00,6.30851E-05
6/28/19 20:00,2.01187E-05
6/28/19 21:00,-0.000658132
6/30/19 20:00,-0.000718578
6/30/19 21:00,7.91348E-05
6/30/19 22:00,-0.000352592
6/30/19 23:00,0.000719697
7/1/19 0:00,0.000616373
7/1/19 1:00,5.63649E-05
7/1/19 2:00,-0.000608315
7/1/19 3:00,0.000303136
7/1/19 4:00,4.40397E-05
7/1/19 5:00,-4.94681E-05
7/1/19 6:00,0.000671141
7/1/19 7:00,-4.34624E-05
7/1/19 8:00,0.000422712
7/1/19 9:00,-0.000116011
7/1/19 10:00,0.000185344
7/1/19 11:00,8.88876E-05
7/1/19 12:00,-0.000340723
7/1/19 13:00,-0.000203367
7/1/19 14:00,-0.000576379
7/1/19 15:00,0.000988106
7/1/19 16:00,0.00078053
7/1/19 17:00,-0.000210442
7/1/19 18:00,-0.000355931
7/1/19 19:00,8.24452E-05
7/1/19 20:00,0.000157636
7/1/19 21:00,3.85493E-06
7/1/19 22:00,9.24541E-05
7/1/19 23:00,8.57513E-05
7/2/19 0:00,0.000152689
7/2/19 1:00,-6.94673E-05
7/2/19 2:00,-0.000266349
7/2/19 3:00,-5.2946E-05
7/2/19 4:00,-2.04561E-05
7/2/19 5:00,0.000151449
7/2/19 6:00,0.000252248
7/2/19 7:00,0.000225286
7/2/19 8:00,-0.000513695
7/2/19 9:00,-0.000206522
7/2/19 10:00,-0.001040717
7/2/19 11:00,0.000135701
7/2/19 12:00,-7.80756E-05
7/2/19 13:00,0.000308207
7/2/19 14:00,-0.000109285
7/2/19 15:00,-0.000374981
7/2/19 16:00,0.000103794
7/2/19 17:00,-0.000153127
7/2/19 18:00,-0.00050883
7/2/19 19:00,-0.000672449
7/2/19 20:00,0.000176942
7/2/19 21:00,0.000148296
7/2/19 22:00,0.000122791
7/2/19 23:00,-2.04347E-05
7/3/19 0:00,9.35845E-05
7/3/19 1:00,0.000887633
7/3/19 2:00,-0.000412819
7/3/19 3:00,2.79832E-05
7/3/19 4:00,1.53029E-05
7/3/19 5:00,6.01881E-05
7/3/19 6:00,-0.000137203
7/3/19 7:00,0.000225723
7/3/19 8:00,0.000202486
7/3/19 9:00,0.002469485
7/3/19 10:00,0.000389057
7/3/19 11:00,0.000306806
7/3/19 12:00,0.000354241
7/3/19 13:00,0.00013058
7/3/19 14:00,0.000376316
7/3/19 15:00,-0.000379313
7/3/19 16:00,-0.000199894
7/3/19 17:00,0.000122849
7/3/19 18:00,1.88911E-05
7/3/19 19:00,-5.04263E-05
7/3/19 20:00,0.000185846
7/3/19 21:00,0.000184308
7/3/19 22:00,-1.38153E-05
7/3/19 23:00,3.89225E-05
7/4/19 0:00,4.75697E-05
7/4/19 1:00,0.000291062
7/4/19 2:00,2.62916E-05
7/4/19 3:00,0.000942269
7/4/19 4:00,3.52733E-05
7/4/19 5:00,-0.000124137
7/4/19 6:00,1.42613E-05
7/4/19 7:00,-7.76403E-05
7/4/19 8:00,-1.104E-05
7/4/19 9:00,-8.87613E-05
7/4/19 10:00,0.000110769
7/4/19 11:00,-1.85724E-05
7/4/19 12:00,-0.00013839
7/4/19 13:00,0.000219387
7/4/19 14:00,-5.55087E-05
7/4/19 15:00,1.98057E-05
7/4/19 16:00,2.00857E-05
7/4/19 17:00,-4.49839E-05
7/4/19 18:00,4.77099E-05
7/4/19 19:00,-6.39429E-05
7/4/19 20:00,-5.28703E-06
7/4/19 21:00,-6.1685E-05
7/4/19 22:00,-7.38381E-05
7/4/19 23:00,8.07701E-05
7/5/19 0:00,-1.65579E-05
7/5/19 1:00,1.209E-05
7/5/19 2:00,-0.000101258
7/5/19 3:00,-0.000163855
7/5/19 4:00,-6.43517E-06
7/5/19 5:00,3.48968E-05
7/5/19 6:00,-2.61107E-05
7/5/19 7:00,-2.22234E-05
7/5/19 8:00,-0.000296655
7/5/19 9:00,-6.98254E-05
7/5/19 10:00,-3.62439E-05
7/5/19 11:00,0.000132412
7/5/19 12:00,-3.04388E-05
7/5/19 13:00,0.002387269
7/5/19 14:00,0.001500832
7/5/19 15:00,-0.000723057
7/5/19 16:00,-0.000836663
7/5/19 17:00,9.50124E-05
7/5/19 18:00,-2.69505E-07
7/5/19 19:00,6.58827E-05
7/5/19 20:00,-8.98159E-05
7/5/19 21:00,-3.98818E-05
7/7/19 20:00,-0.001504443
7/7/19 21:00,0.000109786
7/7/19 22:00,-1.28106E-05
7/7/19 23:00,-0.000180333
7/8/19 0:00,9.48869E-05
7/8/19 1:00,0.000138719
7/8/19 2:00,-0.000106501
7/8/19 3:00,-3.2946E-05
7/8/19 4:00,-5.64043E-05
7/8/19 5:00,5.5943E-05
7/8/19 6:00,-6.0537E-05
7/8/19 7:00,-0.000135747
7/8/19 8:00,0.000388851
7/8/19 9:00,-0.000144991
7/8/19 10:00,-7.74715E-05
7/8/19 11:00,-5.8867E-05
7/8/19 12:00,-1.06693E-05
7/8/19 13:00,-0.000649234
7/8/19 14:00,0.000408451
7/8/19 15:00,0.000105536
7/8/19 16:00,0.000326649
7/8/19 17:00,0.000262559
7/8/19 18:00,4.76284E-05
7/8/19 19:00,-0.000116187
7/8/19 20:00,-6.14688E-05
7/8/19 21:00,0.000170414
7/8/19 22:00,-2.80953E-06
7/8/19 23:00,7.77667E-05
7/9/19 0:00,2.02455E-05
7/9/19 1:00,0.000402722
7/9/19 2:00,-4.17836E-05
7/9/19 3:00,-0.000357624
7/9/19 4:00,8.01577E-05
7/9/19 5:00,-9.47612E-05
7/9/19 6:00,4.1336E-05
7/9/19 7:00,-0.000172105
7/9/19 8:00,-0.000929833
7/9/19 9:00,-9.93996E-05
7/9/19 10:00,0.000168435
7/9/19 11:00,-7.95091E-05
7/9/19 12:00,5.1568E-05
7/9/19 13:00,-0.00026411
7/9/19 14:00,0.001544972
7/9/19 15:00,0.000196882
7/9/19 16:00,2.26346E-05
7/9/19 17:00,0.000187822
7/9/19 18:00,-0.000529531
7/9/19 19:00,0.000256623
7/9/19 20:00,-7.38769E-05
7/9/19 21:00,0.000226827
7/9/19 22:00,4.55679E-05
7/9/19 23:00,6.4696E-05
7/10/19 0:00,-0.000123173
7/10/19 1:00,1.31431E-05
7/10/19 2:00,0.000159447
7/10/19 3:00,0.000149846
7/10/19 4:00,0.000197985
7/10/19 5:00,-3.06441E-05
7/10/19 6:00,2.16687E-05
7/10/19 7:00,0.000414402
7/10/19 8:00,-6.40436E-05
7/10/19 9:00,0.000813436
7/10/19 10:00,-0.000237376
7/10/19 11:00,-1.57464E-05
7/10/19 12:00,8.56822E-05
7/10/19 13:00,0.008422192
7/10/19 14:00,0.000962449
7/10/19 15:00,0.000369415
7/10/19 16:00,-5.07865E-05
7/10/19 17:00,7.66035E-06
7/10/19 18:00,-0.000356778
7/10/19 19:00,-6.55349E-05
7/10/19 20:00,4.56203E-05
7/10/19 21:00,0.000139459
7/10/19 22:00,-0.00037026
7/10/19 23:00,-3.53299E-05
7/11/19 0:00,-9.83005E-05
7/11/19 1:00,-2.34047E-05
7/11/19 2:00,-7.55197E-05
7/11/19 3:00,0.001080686
7/11/19 4:00,-8.84264E-05
7/11/19 5:00,-1.25834E-05
7/11/19 6:00,8.57342E-05
7/11/19 7:00,8.65159E-05
7/11/19 8:00,0.00046673
7/11/19 9:00,-0.000173936
7/11/19 10:00,0.000202405
7/11/19 11:00,0.000116035
7/11/19 12:00,-5.05395E-05
7/11/19 13:00,-0.000433131
7/11/19 14:00,0.000111016
7/11/19 15:00,3.13064E-05
7/11/19 16:00,2.79187E-05
7/11/19 17:00,-0.000316679
7/11/19 18:00,0.000167561
7/11/19 19:00,0.000175119
7/11/19 20:00,-0.000190546
7/11/19 21:00,0.000275551
7/11/19 22:00,5.88694E-05
7/11/19 23:00,1.38386E-05
7/12/19 0:00,-1.86933E-05
7/12/19 1:00,0.000618953
7/12/19 2:00,0.000201899
7/12/19 3:00,-4.57926E-05
7/12/19 4:00,0.000186888
7/12/19 5:00,-0.000351327
7/12/19 6:00,-0.000133037
7/12/19 7:00,-6.58565E-05
7/12/19 8:00,-0.000456991
7/12/19 9:00,-0.001287694
7/12/19 10:00,0.000179519
7/12/19 11:00,-4.6831E-06
7/12/19 12:00,-0.000691408
7/12/19 13:00,-0.000133035
7/12/19 14:00,-0.001889689
7/12/19 15:00,0.000412755
7/12/19 16:00,8.23438E-05
7/12/19 17:00,0.000442275
7/12/19 18:00,-0.000128087
7/12/19 19:00,-0.000144717
7/12/19 20:00,0.00012748
7/12/19 21:00,-3.09018E-05
7/14/19 19:00,1.27423E-05
7/14/19 20:00,-0.000787507
7/14/19 21:00,0.000192755
7/14/19 22:00,-0.000635344
7/14/19 23:00,9.11079E-05
7/15/19 0:00,-7.54245E-05
7/15/19 1:00,5.7759E-05
7/15/19 2:00,-0.000109444
7/15/19 3:00,-0.000251443
7/15/19 4:00,6.93799E-05
7/15/19 5:00,-3.36641E-05
7/15/19 6:00,9.05299E-05
7/15/19 7:00,0.000528664
7/15/19 8:00,-1.32678E-05
7/15/19 9:00,-0.000317398
7/15/19 10:00,0.000138196
7/15/19 11:00,0.000145624
7/15/19 12:00,0.000326013
7/15/19 13:00,1.63432E-05
7/15/19 14:00,0.000188396
7/15/19 15:00,0.000143517
7/15/19 16:00,0.000271887
7/15/19 17:00,0.00010438
7/15/19 18:00,3.43894E-05
7/15/19 19:00,4.15697E-05
7/15/19 20:00,-9.67327E-05
7/15/19 21:00,4.02053E-05
7/15/19 22:00,4.37008E-05
7/15/19 23:00,1.973E-05
7/16/19 0:00,7.40621E-05
7/16/19 1:00,0.000145678
7/16/19 2:00,-0.00027855
7/16/19 3:00,-5.65774E-05
7/16/19 4:00,-1.85916E-05
7/16/19 5:00,6.54315E-05
7/16/19 6:00,0.00011599
7/16/19 7:00,0.000104166
7/16/19 8:00,-0.000466217
7/16/19 9:00,6.73325E-06
7/16/19 10:00,-0.000124645
7/16/19 11:00,-0.00024879
7/16/19 12:00,2.16842E-06
7/16/19 13:00,0.001208153
7/16/19 14:00,-0.000590671
7/16/19 15:00,-0.000125853
7/16/19 16:00,0.000611012
7/16/19 17:00,-0.000424511
7/16/19 18:00,-0.000617414
7/16/19 19:00,0.000224267
7/16/19 20:00,0.000280183
7/16/19 21:00,-0.000135108
7/16/19 22:00,-1.11815E-05
7/16/19 23:00,9.78797E-05
7/17/19 0:00,0.00012775
7/17/19 1:00,-0.000639184
7/17/19 2:00,-0.000547019
7/17/19 3:00,0.000671739
7/17/19 4:00,0.000143485
7/17/19 5:00,-0.000179031
7/17/19 6:00,-6.27086E-05
7/17/19 7:00,0.000698271
7/17/19 8:00,-0.000547145
7/17/19 9:00,9.08182E-06
7/17/19 10:00,-1.7025E-05
7/17/19 11:00,-0.000580859
7/17/19 12:00,-5.9293E-05
7/17/19 13:00,-0.001174692
7/17/19 14:00,-0.00015631
7/17/19 15:00,0.000409454
7/17/19 16:00,0.000538484
7/17/19 17:00,-8.16879E-05
7/17/19 18:00,2.08576E-05
7/17/19 19:00,-7.07197E-06
7/17/19 20:00,9.96082E-06
7/17/19 21:00,0.000247286
7/17/19 22:00,9.95212E-05
7/17/19 23:00,4.50019E-05
7/18/19 0:00,9.98888E-05
7/18/19 1:00,0.000910547
7/18/19 2:00,-0.000365254
7/18/19 3:00,-4.39089E-05
7/18/19 4:00,-7.87692E-05
7/18/19 5:00,9.77477E-05
7/18/19 6:00,-5.25169E-05
7/18/19 7:00,-6.97986E-05
7/18/19 8:00,8.9962E-05
7/18/19 9:00,-0.00019832
7/18/19 10:00,-0.000192504
7/18/19 11:00,0.001284435
7/18/19 12:00,-0.000193432
7/18/19 13:00,-0.000810324
7/18/19 14:00,-0.000319434
7/18/19 15:00,-8.60429E-05
7/18/19 16:00,-0.00019179
7/18/19 17:00,0.000175863
7/18/19 18:00,0.000177165
7/18/19 19:00,0.004169535
7/18/19 20:00,0.000558536
7/18/19 21:00,0.000252328
7/18/19 22:00,2.42958E-05
7/18/19 23:00,0.005505384
7/19/19 0:00,8.34434E-05
7/19/19 1:00,0.000134379
7/19/19 2:00,-0.000251433
7/19/19 3:00,-0.000105676
7/19/19 4:00,0.000165991
7/19/19 5:00,0.000164757
7/19/19 6:00,0.00018095
7/19/19 7:00,0.000213946
7/19/19 8:00,-0.000247315
7/19/19 9:00,0.000185857
7/19/19 10:00,-0.00126445
7/19/19 11:00,-0.000299624
7/19/19 12:00,-0.000453571
7/19/19 13:00,-0.000677909
7/19/19 14:00,-4.86E-05
7/19/19 15:00,0.000706916
7/19/19 16:00,3.69956E-05
7/19/19 17:00,0.000254865
7/19/19 18:00,-3.02952E-05
7/19/19 19:00,-0.000961725
7/19/19 20:00,-0.000429043
7/19/19 21:00,4.01755E-05
7/21/19 20:00,0.000110965
7/21/19 21:00,0.000233691
7/21/19 22:00,-0.002059752
7/21/19 23:00,0.000146902
7/22/19 0:00,-6.46859E-05
7/22/19 1:00,-0.001838866
7/22/19 2:00,-0.000532636
7/22/19 3:00,-6.55557E-05
7/22/19 4:00,7.03876E-05
7/22/19 5:00,-1.22204E-05
7/22/19 6:00,5.59285E-05
7/22/19 7:00,-0.000164718
7/22/19 8:00,2.92357E-05
7/22/19 9:00,-0.000345736
7/22/19 10:00,9.00245E-05
7/22/19 11:00,0.000249575
7/22/19 12:00,-0.000445053
7/22/19 13:00,-0.000169476
7/22/19 14:00,-0.000122534
7/22/19 15:00,-0.000440217
7/22/19 16:00,0.00029445
7/22/19 17:00,-3.86919E-05
7/22/19 18:00,-7.32613E-05
7/22/19 19:00,-4.35816E-07
7/22/19 20:00,9.46993E-05
7/22/19 21:00,0.000176526
7/22/19 22:00,5.38718E-05
7/22/19 23:00,-0.000155752
7/23/19 0:00,-0.000102647
7/23/19 1:00,0.000297921
7/23/19 2:00,1.01833E-05
7/23/19 3:00,4.4963E-05
7/23/19 4:00,0.00011124
7/23/19 5:00,0.000250467
7/23/19 6:00,-0.000100467
7/23/19 7:00,0.000167937
7/23/19 8:00,-0.000565441
7/23/19 9:00,-1.88119E-05
7/23/19 10:00,-0.000225745
7/23/19 11:00,0.000894425
7/23/19 12:00,4.23253E-05
7/23/19 13:00,0.000143154
7/23/19 14:00,-0.00038915
7/23/19 15:00,0.000151396
7/23/19 16:00,-9.2998E-05
7/23/19 17:00,0.000396226
7/23/19 18:00,-0.00018994
7/23/19 19:00,-2.22343E-05
7/23/19 20:00,4.77503E-05
7/23/19 21:00,9.25577E-05
7/23/19 22:00,0.000344481
7/23/19 23:00,9.34317E-05
7/24/19 0:00,-9.7633E-05
7/24/19 1:00,-0.000220665
7/24/19 2:00,-7.44362E-05
7/24/19 3:00,1.80211E-05
7/24/19 4:00,-2.53552E-05
7/24/19 5:00,1.92457E-05
7/24/19 6:00,-5.74334E-05
7/24/19 7:00,-4.22507E-05
7/24/19 8:00,-0.000446354
7/24/19 9:00,0.000112491
7/24/19 10:00,-9.18405E-05
7/24/19 11:00,-0.000751997
7/24/19 12:00,0.000466788
7/24/19 13:00,-0.000294587
7/24/19 14:00,-0.000233605
7/24/19 15:00,0.000237491
7/24/19 16:00,-2.79741E-05
7/24/19 17:00,4.84001E-05
7/24/19 18:00,0.000229142
7/24/19 19:00,-3.82319E-05
7/24/19 20:00,4.26864E-06
7/24/19 21:00,-1.7867E-05
7/24/19 22:00,-8.02511E-05
7/24/19 23:00,9.92024E-05
7/25/19 0:00,2.46428E-05
7/25/19 1:00,0.000238151
7/25/19 2:00,2.61145E-05
7/25/19 3:00,-3.74157E-05
7/25/19 4:00,0.000390398
7/25/19 5:00,-3.28922E-05
7/25/19 6:00,-7.63734E-05
7/25/19 7:00,0.000358246
7/25/19 8:00,0.000105798
7/25/19 9:00,-0.000340995
7/25/19 10:00,0.00035951
7/25/19 11:00,0.000387759
7/25/19 12:00,0.000925997
7/25/19 13:00,-0.001057154
7/25/19 14:00,0.000944863
7/25/19 15:00,0.00215346
7/25/19 16:00,0.000235931
7/25/19 17:00,0.000616264
7/25/19 18:00,0.000161525
7/25/19 19:00,-0.000163911
7/25/19 20:00,-0.000335125
7/25/19 21:00,0.000220629
7/25/19 22:00,7.2395E-05
7/25/19 23:00,7.8224E-05
7/26/19 0:00,0.00011909
7/26/19 1:00,2.70572E-05
7/26/19 2:00,-0.000356828
7/26/19 3:00,2.69031E-05
7/26/19 4:00,6.10696E-05
7/26/19 5:00,3.78996E-05
7/26/19 6:00,4.81343E-05
7/26/19 7:00,5.23882E-05
7/26/19 8:00,9.01323E-06
7/26/19 9:00,2.31031E-05
7/26/19 10:00,0.000204895
7/26/19 11:00,2.10321E-05
7/26/19 12:00,-5.80705E-05
7/26/19 13:00,-0.000218429
7/26/19 14:00,-0.000570602
7/26/19 15:00,-0.001339196
7/26/19 16:00,-0.00032987
7/26/19 17:00,0.000174555
7/26/19 18:00,6.60862E-05
7/26/19 19:00,0.000264213
7/26/19 20:00,-1.34219E-05
7/26/19 21:00,-0.000297569
7/28/19 20:00,-0.000190262
7/28/19 21:00,5.57761E-06
7/28/19 22:00,3.86844E-05
7/28/19 23:00,4.72799E-05
7/29/19 0:00,0.000234502
7/29/19 1:00,0.000414641
7/29/19 2:00,1.60527E-05
7/29/19 3:00,5.66877E-05
7/29/19 4:00,0.00010326
7/29/19 5:00,6.16435E-05
7/29/19 6:00,-4.73675E-05
7/29/19 7:00,-8.0865E-05
7/29/19 8:00,-0.00041169
7/29/19 9:00,-0.000290362
7/29/19 10:00,6.01585E-05
7/29/19 11:00,0.000291517
7/29/19 12:00,-0.000238585
7/29/19 13:00,-0.001407721
7/29/19 14:00,0.000164095
7/29/19 15:00,0.001452893
7/29/19 16:00,0.000646297
7/29/19 17:00,0.000216619
7/29/19 18:00,7.80806E-05
7/29/19 19:00,7.24831E-05
7/29/19 20:00,5.70398E-05
7/29/19 21:00,-4.63113E-05
7/29/19 22:00,8.17561E-05
7/29/19 23:00,-7.18128E-06
7/30/19 0:00,0.00016187
7/30/19 1:00,0.000193608
7/30/19 2:00,-0.001105114
7/30/19 3:00,0.000126511
7/30/19 4:00,0.000111833
7/30/19 5:00,-0.000839608
7/30/19 6:00,0.000142958
7/30/19 7:00,-0.000722781
7/30/19 8:00,-0.000463487
7/30/19 9:00,-0.000223009
7/30/19 10:00,0.000281718
7/30/19 11:00,-9.38021E-05
7/30/19 12:00,0.000501941
7/30/19 13:00,-5.57676E-05
7/30/19 14:00,0.000717581
7/30/19 15:00,0.000204052
7/30/19 16:00,-0.000248243
7/30/19 17:00,1.51338E-06
7/30/19 18:00,0.000182013
7/30/19 19:00,0.000127348
7/30/19 20:00,-0.00013947
7/30/19 21:00,-5.78632E-05
7/30/19 22:00,0.000127887
7/30/19 23:00,0.000457948
7/31/19 0:00,0.000244799
7/31/19 1:00,3.21351E-05
7/31/19 2:00,0.001835985
7/31/19 3:00,-0.001365151
7/31/19 4:00,-0.000247446
7/31/19 5:00,-0.000216893
7/31/19 6:00,7.6624E-05
7/31/19 7:00,-0.000169562
7/31/19 8:00,-0.000180388
7/31/19 9:00,0.000369747
7/31/19 10:00,6.25328E-05
7/31/19 11:00,-7.57783E-05
7/31/19 12:00,0.000245345
7/31/19 13:00,-5.98335E-06
7/31/19 14:00,-0.000481356
7/31/19 15:00,-0.001190525
7/31/19 16:00,0.000264414
7/31/19 17:00,-0.000110023
7/31/19 18:00,-0.00021047
7/31/19 19:00,0.015885503
7/31/19 20:00,-0.006998023
7/31/19 21:00,0.000367729
7/31/19 22:00,9.9716E-05
7/31/19 23:00,4.91441E-05
8/1/19 0:00,3.47749E-05
8/1/19 1:00,0.003213438
8/1/19 2:00,0.000470235
8/1/19 3:00,-0.000416121
8/1/19 4:00,-1.98689E-05
8/1/19 5:00,8.34046E-05
8/1/19 6:00,3.94697E-05
8/1/19 7:00,-3.62741E-05
8/1/19 8:00,-0.00025598
8/1/19 9:00,0.000481827
8/1/19 10:00,-0.000308578
8/1/19 11:00,0.000645764
8/1/19 12:00,-0.000402832
8/1/19 13:00,0.000936047
8/1/19 14:00,0.00089138
8/1/19 15:00,0.000825713
8/1/19 16:00,0.000126558
8/1/19 17:00,0.000488951
8/1/19 18:00,0.009860131
8/1/19 19:00,-0.001482975
8/1/19 20:00,-0.001726451
8/1/19 21:00,-0.001194578
8/1/19 22:00,-5.09618E-05
8/1/19 23:00,0.000865156
8/2/19 0:00,0.000172036
8/2/19 1:00,0.000490784
8/2/19 2:00,-0.000772005
8/2/19 3:00,3.86862E-06
8/2/19 4:00,-5.93865E-05
8/2/19 5:00,0.000404788
8/2/19 6:00,-0.000151952
8/2/19 7:00,-0.0001813
8/2/19 8:00,0.001171137
8/2/19 9:00,0.000887852
8/2/19 10:00,-0.000188636
8/2/19 11:00,0.000270835
8/2/19 12:00,0.000270291
8/2/19 13:00,-0.000404969
8/2/19 14:00,0.001068651
8/2/19 15:00,-0.001083137
8/2/19 16:00,0.000112341
8/2/19 17:00,-0.00126751
8/2/19 18:00,0.000149632
8/2/19 19:00,0.00021779
8/2/19 20:00,1.37864E-05
8/2/19 21:00,0.000248075
8/4/19 19:00,0
8/4/19 20:00,-0.000205256
8/4/19 21:00,0.000208569
8/4/19 22:00,-0.001249565
8/4/19 23:00,-4.09462E-05
8/5/19 0:00,0.000133971
8/5/19 1:00,0.001290457
8/5/19 2:00,0.00127196
8/5/19 3:00,-0.000764082
8/5/19 4:00,0.000582713
8/5/19 5:00,0.000260145
8/5/19 6:00,0.001108154
8/5/19 7:00,-0.000347775
8/5/19 8:00,6.05268E-05
8/5/19 9:00,0.00039557
8/5/19 10:00,0.000609112
8/5/19 11:00,-0.000206602
8/5/19 12:00,-0.000989142
8/5/19 13:00,0.000183278
8/5/19 14:00,0.000154487
8/5/19 15:00,0.00072563
8/5/19 16:00,0.000311312
8/5/19 17:00,-0.001088055
8/5/19 18:00,0.000507114
8/5/19 19:00,0.000186724
8/5/19 20:00,-0.000389299
8/5/19 21:00,0.000953761
8/5/19 22:00,-9.34399E-05
8/5/19 23:00,0.001045898
8/6/19 0:00,0.000343432
8/6/19 1:00,0.000771412
8/6/19 2:00,0.000886119
8/6/19 3:00,-0.000101074
8/6/19 4:00,0.000492635
8/6/19 5:00,0.000707479
8/6/19 6:00,0.000653903
8/6/19 7:00,-0.001932222
8/6/19 8:00,-0.00012965
8/6/19 9:00,-0.000156982
8/6/19 10:00,-0.00025411
8/6/19 11:00,0.000369242
8/6/19 12:00,0.000609562
8/6/19 13:00,0.000545643
8/6/19 14:00,-0.00010083
8/6/19 15:00,0.00016733
8/6/19 16:00,-0.001490376
8/6/19 17:00,7.31846E-05
8/6/19 18:00,-9.78581E-05
8/6/19 19:00,-0.000142079
8/6/19 20:00,-0.00024536
8/6/19 21:00,1.80326E-06
8/6/19 22:00,-9.2979E-06
8/6/19 23:00,-2.26854E-05
8/7/19 0:00,-6.10816E-05
8/7/19 1:00,-0.00135766
8/7/19 2:00,0.000236847
8/7/19 3:00,0.007465831
8/7/19 4:00,0.000286317
8/7/19 5:00,-1.64048E-05
8/7/19 6:00,0.00238216
8/7/19 7:00,-1.77573E-05
8/7/19 8:00,0.002037826
8/7/19 9:00,-3.41448E-05
8/7/19 10:00,0.000389471
8/7/19 11:00,0.000226255
8/7/19 12:00,0.001909542
8/7/19 13:00,-0.00345119
8/7/19 14:00,0.001614551
8/7/19 15:00,-9.6863E-05
8/7/19 16:00,0.000946396
8/7/19 17:00,-0.000715561
8/7/19 18:00,-0.000274939
8/7/19 19:00,-0.00065829
8/7/19 20:00,-0.000181543
8/7/19 21:00,-7.80756E-05
8/7/19 22:00,0.000431088
8/7/19 23:00,-1.20462E-05
8/8/19 0:00,-0.000131962
8/8/19 1:00,-0.001340056
8/8/19 2:00,0.003948002
8/8/19 3:00,9.56991E-05
8/8/19 4:00,0.000102147
8/8/19 5:00,0.000259575
8/8/19 6:00,9.08127E-06
8/8/19 7:00,0.00013554
8/8/19 8:00,0.000769989
8/8/19 9:00,-0.000660267
8/8/19 10:00,-0.0005817
8/8/19 11:00,-0.00015289
8/8/19 12:00,-0.001239695
8/8/19 13:00,0.000305693
8/8/19 14:00,-0.000614891
8/8/19 15:00,-0.001865159
8/8/19 16:00,0.001754477
8/8/19 17:00,4.87188E-05
8/8/19 18:00,0.000249507
8/8/19 19:00,-0.000805472
8/8/19 20:00,0.000120519
8/8/19 21:00,-0.000188206
8/8/19 22:00,-0.001536196
8/8/19 23:00,-0.000735623
8/9/19 0:00,0.00015833
8/9/19 1:00,-0.001612621
8/9/19 2:00,-0.000801555
8/9/19 3:00,-2.73667E-05
8/9/19 4:00,4.59851E-05
8/9/19 5:00,5.1374E-06
8/9/19 6:00,-2.3182E-05
8/9/19 7:00,-5.28315E-05
8/9/19 8:00,-2.26959E-05
8/9/19 9:00,-1.97044E-05
8/9/19 10:00,-0.000833918
8/9/19 11:00,-0.000397174
8/9/19 12:00,-0.000415428
8/9/19 13:00,0.000724238
8/9/19 14:00,0.001453288
8/9/19 15:00,-0.000637664
8/9/19 16:00,0.002092839
8/9/19 17:00,0.000257454
8/9/19 18:00,-0.000449806
8/9/19 19:00,0.000231415
8/9/19 20:00,-0.000368601
8/9/19 21:00,0.000249579
8/11/19 20:00,0.000137576
8/11/19 21:00,0.000318961
8/11/19 22:00,-0.00029528
8/11/19 23:00,7.30071E-05
8/12/19 0:00,0.000209535
8/12/19 1:00,1.0367E-05
8/12/19 2:00,-4.64156E-05
8/12/19 3:00,-0.000310226
8/12/19 4:00,5.4377E-05
8/12/19 5:00,-7.76457E-05
8/12/19 6:00,0.000111928
8/12/19 7:00,8.46152E-05
8/12/19 8:00,0.000179556
8/12/19 9:00,0.000762345
8/12/19 10:00,-0.000339146
8/12/19 11:00,-0.000417553
8/12/19 12:00,-0.00019711
8/12/19 13:00,0.00024084
8/12/19 14:00,-0.000969024
8/12/19 15:00,9.20939E-05
8/12/19 16:00,-0.000439612
8/12/19 17:00,0.000145207
8/12/19 18:00,0.000125106
8/12/19 19:00,-0.000326939
8/12/19 20:00,9.16484E-05
8/12/19 21:00,4.96279E-06
8/12/19 22:00,-0.00019329
8/12/19 23:00,0.000202262
8/13/19 0:00,-4.86819E-06
8/13/19 1:00,-3.67154E-05
8/13/19 2:00,-4.26743E-05
8/13/19 3:00,0.001246456
8/13/19 4:00,5.11771E-05
8/13/19 5:00,-9.00505E-06
8/13/19 6:00,0.000128184
8/13/19 7:00,-0.000144774
8/13/19 8:00,-0.000625088
8/13/19 9:00,-0.000486169
8/13/19 10:00,0.001389573
8/13/19 11:00,-0.000100568
8/13/19 12:00,-9.67797E-06
8/13/19 13:00,-0.002022624
8/13/19 14:00,0.026142457
8/13/19 15:00,-0.005161877
8/13/19 16:00,-0.001966063
8/13/19 17:00,-0.000377614
8/13/19 18:00,-0.000399174
8/13/19 19:00,0.000630189
8/13/19 20:00,-8.07554E-05
8/13/19 21:00,0.000138322
8/13/19 22:00,9.48066E-05
8/13/19 23:00,0.000173616
8/14/19 0:00,-2.66742E-05
8/14/19 1:00,0.000827432
8/14/19 2:00,-0.002640012
8/14/19 3:00,0.000249802
8/14/19 4:00,-7.23107E-05
8/14/19 5:00,-0.000135605
8/14/19 6:00,0.0002277
8/14/19 7:00,-0.000418889
8/14/19 8:00,-0.000782908
8/14/19 9:00,0.000167711