time,AUDUSD,EURUSD,GBPUSD,NZDUSD,USDCAD,USDCHF,USDJPY,USDNOK,USDSEK
2019-04-08 13:00:00,,1.126115,1.305955,,,,111.35849999999999,8.54813,9.252735000000001
2019-04-08 14:00:00,,1.127325,1.3048,,,,111.31450000000001,8.53125,9.238145
2019-04-08 15:00:00,,1.126135,1.30475,,,,111.4185,8.554400000000001,9.25563
2019-04-17 13:00:00,,1.130365,1.30399,,,,111.989,8.472115,9.23463
2019-04-18 14:00:00,0.716055,1.124975,1.3018399999999999,0.66846,1.33874,1.012835,111.8715,8.51134,9.291015
2019-05-09 14:00:00,0.6978500000000001,1.123505,1.2997,0.6585399999999999,1.349515,1.013945,109.6345,8.75971,9.63664
2019-05-09 16:00:00,0.69757,1.122785,1.301255,0.65831,1.34924,1.013315,109.5635,8.78088,9.648195000000001
2019-05-13 11:00:00,,1.123485,1.3024900000000001,0.6579900000000001,1.3434149999999998,1.007975,109.6705,,9.64288
2019-05-13 12:00:00,,,1.30133,0.6580699999999999,1.343885,1.00781,,,9.640080000000001
2019-05-22 16:00:00,,,1.2673,,1.341725,,,,9.634355
2019-05-23 13:00:00,,,1.264345,,1.347875,,,,9.6496
2019-05-23 14:00:00,,,1.264395,,1.3496450000000002,,,,9.656865
2019-05-23 15:00:00,,,1.2665600000000001,,1.3469600000000002,,,,9.642785
2019-05-23 16:00:00,,,1.266575,,1.3471899999999999,,,,9.625045
2019-05-24 08:00:00,,,1.267885,,1.345715,,,,9.59951
2019-05-24 10:00:00,,,1.2697500000000002,,1.345265,,,,9.569365000000001
2019-05-24 11:00:00,,,1.269245,,1.345335,,,,9.576775
2019-05-24 12:00:00,,,1.265655,,1.346115,,,,9.583385
2019-05-24 13:00:00,,,1.267035,,1.34519,,,,9.56104
2019-05-24 14:00:00,,,1.2669350000000001,,1.34507,,,,9.557504999999999
2019-05-24 15:00:00,,,1.2690299999999999,,1.3463500000000002,,,,9.554805
2019-06-03 09:00:00,,,1.264275,,1.351595,,,,9.491495
2019-06-03 10:00:00,,,1.26432,,1.350345,,,,9.49306
2019-06-03 11:00:00,,,1.264755,,1.3497249999999998,,,,9.480599999999999
2019-06-03 12:00:00,,,1.261505,,1.3498700000000001,,,,9.49019
2019-06-04 10:00:00,0.698035,1.124825,1.2667199999999998,0.6591100000000001,1.343335,0.99387,108.05250000000001,8.70185,9.442145
2019-06-04 11:00:00,0.6990350000000001,1.125835,1.26895,0.66013,1.3425150000000001,0.9929049999999999,107.9525,8.69578,9.434000000000001
2019-06-04 12:00:00,0.698535,1.125395,1.2681550000000001,0.65977,1.342165,0.993485,108.09649999999999,8.69111,9.436285000000002
2019-06-04 13:00:00,0.6977450000000001,1.123445,1.26825,0.6589700000000001,1.34338,0.994745,108.20949999999999,8.70925,9.45955
2019-06-04 14:00:00,0.698375,1.1247449999999999,1.268935,0.66046,1.3425449999999999,0.99326,108.108,8.7057,9.4526
2019-06-05 08:00:00,0.700005,1.126665,1.2700900000000002,0.66389,1.3375050000000002,0.992115,108.2485,8.68638,9.418295
2019-06-05 09:00:00,0.700035,1.127905,1.271445,0.66421,1.33741,0.9920599999999999,108.2465,8.677225,9.417110000000001
2019-06-05 10:00:00,0.7002349999999999,1.128325,1.271455,0.66437,1.336615,0.9914499999999999,108.3125,8.666350000000001,9.41922
2019-06-05 11:00:00,0.6996450000000001,1.12615,1.2708949999999999,0.66387,1.337785,0.991795,108.305,8.681775,9.434445
2019-06-05 12:00:00,0.69824,1.125495,1.2701349999999998,0.6635800000000001,1.338735,0.991975,108.3255,8.68498,9.442165
2019-06-05 13:00:00,0.6995450000000001,1.1292650000000002,1.2733400000000001,0.665315,1.338715,0.986955,107.9575,8.66705,9.40934
2019-06-05 14:00:00,0.699245,1.12744,1.272755,0.66505,1.337685,0.9889749999999999,108.0215,8.681625,9.418235
2019-06-05 15:00:00,0.698585,1.1262750000000001,1.2730350000000001,0.66354,1.3399100000000002,0.98952,108.00450000000001,8.70945,9.42525
2019-06-05 16:00:00,0.697365,1.12419,1.27054,0.662295,1.3409200000000001,0.9919800000000001,108.20400000000001,8.729165,9.441245
2019-06-06 09:00:00,0.6980200000000001,1.12395,1.2681900000000002,0.662825,1.3405749999999999,0.9945299999999999,108.1685,8.712665000000001,9.431265
2019-06-06 10:00:00,0.6980200000000001,1.123685,1.269505,0.66279,1.3402699999999999,0.994625,108.1785,8.715755,9.43818
2019-06-06 11:00:00,0.69747,1.123435,1.26892,0.66235,1.340785,0.995365,108.189,8.71414,9.43929
2019-06-06 13:00:00,0.698855,1.1287099999999999,1.271995,0.663575,1.3396599999999999,0.991195,108.1115,8.70129,9.413889999999999
2019-06-06 14:00:00,0.698225,1.125465,1.2700200000000001,0.663135,1.3391350000000002,0.992065,108.2365,8.720355,9.425405000000001
2019-06-06 15:00:00,0.698055,1.128115,1.2714500000000002,0.663265,1.338485,0.98934,108.1935,8.707065,9.416995
2019-06-06 16:00:00,0.6984049999999999,1.129395,1.271325,0.6638649999999999,1.33748,0.98858,108.083,8.69912,9.404745
2019-06-06 17:00:00,0.698585,1.129375,1.270925,0.66381,1.336785,0.9889049999999999,108.19749999999999,8.695315,9.40136
2019-06-11 15:00:00,0.695575,1.131485,1.271885,0.658165,1.3281100000000001,0.992495,108.57849999999999,8.63274,9.446124999999999
2019-06-14 14:00:00,0.68831,1.12432,1.26239,0.65147,1.33737,0.996615,108.36500000000001,8.69899,9.465354999999999
2019-06-14 15:00:00,0.6879649999999999,1.122535,1.2607499999999998,0.65098,1.3368449999999998,0.998225,108.4195,8.711185,9.47646
2019-06-19 14:00:00,0.68571,1.120505,1.2600500000000001,0.65158,1.3354050000000002,0.997495,108.4565,8.733495000000001,9.537185000000001
2019-06-19 15:00:00,0.686875,1.1216300000000001,1.263125,0.652355,1.3359299999999998,0.99533,108.3995,8.72879,9.523074999999999
2019-06-19 16:00:00,0.686985,1.121335,1.26251,0.652405,1.33637,0.996155,108.3695,8.730565,9.526620000000001
2019-06-19 17:00:00,0.6873100000000001,1.12153,1.2633800000000002,0.6530050000000001,1.335525,0.995785,108.356,8.727139999999999,9.517154999999999
2019-06-19 18:00:00,0.68703,1.121885,1.26366,0.652775,1.3355700000000001,0.9956499999999999,108.3805,8.72834,9.512550000000001
2019-06-19 19:00:00,0.688985,1.124635,1.26678,,1.3291300000000001,0.9920150000000001,107.963,8.697065,9.47907
2019-06-19 20:00:00,0.6877,1.122895,1.2651400000000002,0.65361,1.3286950000000002,0.993885,108.092,8.705235,9.487195
2019-06-19 21:00:00,,,,0.65377,,,,,
2019-06-19 22:00:00,0.6883349999999999,1.12295,1.264415,0.65379,1.328255,0.993425,108.0805,8.698245,9.48601
2019-06-19 23:00:00,0.6887099999999999,1.12358,1.265185,0.655825,1.3274400000000002,0.993,108.08500000000001,8.69212,9.47994
2019-06-20 00:00:00,0.68852,1.12359,1.2653150000000002,0.655365,1.3270650000000002,0.99289,108.113,8.69241,9.481565
2019-06-20 01:00:00,0.690145,1.12575,1.2675450000000001,0.65777,1.32522,0.990185,107.642,8.66897,9.459235
2019-06-20 02:00:00,0.6893050000000001,1.126335,1.2680699999999998,0.657015,1.325375,0.9901850000000001,107.655,8.6645,9.45729
2019-06-20 03:00:00,0.68911,1.126725,1.26813,0.65744,1.32453,0.99066,107.58850000000001,8.661725,9.454435
2019-06-20 04:00:00,0.6895800000000001,1.127135,1.26868,0.6576150000000001,1.32398,0.990105,107.607,8.658235000000001,9.44913
2019-06-20 05:00:00,0.6889700000000001,1.12618,1.267905,0.656795,1.324255,0.9905949999999999,107.65,8.663350000000001,9.457889999999999
2019-06-20 06:00:00,0.6895,1.126585,1.2696550000000002,0.6571199999999999,1.323245,0.99002,107.628,8.65386,9.44836
2019-06-20 07:00:00,0.690545,1.127555,1.2698399999999999,0.6577299999999999,1.32218,0.989135,107.5855,8.631865,9.432375
2019-06-20 08:00:00,0.691665,1.12978,1.2722950000000002,0.6589,1.3213300000000001,0.98778,107.6765,8.612185,9.409040000000001
2019-06-20 09:00:00,0.6916249999999999,1.12899,1.271155,0.65848,1.3213949999999999,0.9876100000000001,107.79050000000001,8.56533,9.40942
2019-06-20 10:00:00,0.692555,1.130485,1.2719900000000002,0.65951,1.3199049999999999,0.98671,107.8155,8.557549999999999,9.415445
2019-06-20 11:00:00,0.6920999999999999,1.130315,1.27249,0.65875,1.3193199999999998,0.98594,107.7835,8.56032,9.418235
2019-06-20 12:00:00,0.6926749999999999,1.131065,1.26894,0.6589799999999999,1.316665,0.9852449999999999,107.6935,8.54925,9.40062
2019-06-20 13:00:00,0.6929350000000001,1.130255,1.2683550000000001,0.65888,1.316525,0.98472,107.6825,8.554490000000001,9.405384999999999
2019-06-20 14:00:00,0.6927000000000001,1.129575,1.2688350000000002,0.658625,1.31849,0.98339,107.7055,8.560815000000002,9.409320000000001
2019-06-20 15:00:00,0.69197,1.1289,1.2700900000000002,0.6576299999999999,1.3217599999999998,0.982165,107.547,8.57906,9.420445
2019-06-20 16:00:00,0.6916100000000001,1.12832,1.2699600000000002,0.6582749999999999,1.320885,0.98221,107.518,8.57303,9.4191
2019-06-20 17:00:00,0.692035,1.12924,1.27041,0.658895,1.319995,0.9808699999999999,107.351,8.56596,9.413145
2019-06-20 18:00:00,0.692585,1.1295199999999999,1.270745,0.6592800000000001,1.31929,0.980815,107.34450000000001,8.555644999999998,9.407454999999999
2019-06-20 19:00:00,0.692355,1.1293250000000001,1.27005,,1.31921,0.9805349999999999,107.2635,8.549945000000001,9.40379
2019-06-20 20:00:00,0.692195,1.12917,1.2705350000000002,0.658855,1.3190849999999998,0.9811449999999999,107.3295,8.548635,9.406279999999999
2019-06-20 21:00:00,,,,0.658595,,,,,
2019-06-20 22:00:00,0.6924049999999999,1.129335,1.27057,0.65833,1.3192300000000001,0.981455,107.304,8.549045,9.41096
2019-06-20 23:00:00,0.69199,1.1292550000000001,1.2705099999999998,0.6583399999999999,1.319135,0.9812000000000001,107.352,8.551639999999999,9.414815
2019-06-21 00:00:00,0.692095,1.129455,1.270765,0.658165,1.31846,0.9811300000000001,107.301,8.552175,9.407095
2019-06-21 01:00:00,0.692555,1.129465,1.27098,0.6591100000000001,1.318035,0.98138,107.3505,8.550765,9.407465
2019-06-21 02:00:00,0.693605,1.13066,1.272135,0.660195,1.316675,0.98089,107.16550000000001,8.540575,9.398315
2019-06-21 03:00:00,0.6930499999999999,1.129845,1.2713299999999998,0.659855,1.31704,0.9818199999999999,107.0915,8.545134999999998,9.40408
2019-06-21 04:00:00,0.6930000000000001,1.1302050000000001,1.271265,0.6597949999999999,1.3174649999999999,0.98185,107.098,8.54416,9.40436
2019-06-21 05:00:00,0.69296,1.129535,1.270155,0.65947,1.31803,0.982315,107.102,8.551395,9.40903
2019-06-21 06:00:00,0.6933100000000001,1.129305,1.26967,0.659385,1.318425,0.982355,107.2145,8.556775,9.40883
2019-06-21 07:00:00,0.692265,1.1286749999999999,1.2693050000000001,0.6579550000000001,1.31921,0.9823200000000001,107.3015,8.57019,9.417315
2019-06-21 08:00:00,0.691905,1.131125,1.2700900000000002,0.65688,1.318605,0.983395,107.4505,8.556775,9.389305
2019-06-21 09:00:00,0.6914750000000001,1.130315,1.267555,0.65688,1.318765,0.982425,107.42699999999999,8.558254999999999,9.390295
2019-06-21 10:00:00,0.691535,1.129955,1.26589,0.65665,1.3192599999999999,0.982615,107.5355,8.576225,9.39902
2019-06-21 11:00:00,0.691345,1.1308150000000001,1.26619,0.65646,1.3186200000000001,0.98278,107.5595,8.567515,9.390235
2019-06-21 12:00:00,0.690735,1.131685,1.26617,0.6557850000000001,1.319515,0.9819249999999999,107.4825,8.554955,9.386825
2019-06-21 13:00:00,0.6907449999999999,1.1316950000000001,1.2661850000000001,0.655795,1.319515,0.981905,107.4815,8.554945,9.38694
2019-06-21 14:00:00,0.6907449999999999,1.1316950000000001,1.2661850000000001,0.655795,1.319515,0.981905,107.4815,8.554945,9.38694
2019-06-21 15:00:00,0.691675,1.132125,1.269555,0.656825,1.32173,0.98126,107.6885,8.547339999999998,9.386334999999999
2019-06-21 16:00:00,0.6919850000000001,1.132855,1.27021,0.657125,1.321855,0.97895,107.557,8.5428,9.385774999999999
2019-06-21 17:00:00,0.692565,1.13412,1.27066,0.6574599999999999,1.322195,0.977915,107.488,8.527185,9.378935
2019-06-21 18:00:00,0.692995,1.1361050000000001,1.27265,0.65804,1.3213499999999998,0.976895,107.4285,8.511804999999999,9.359490000000001
2019-06-21 19:00:00,0.692675,1.1369,1.273655,0.658165,1.32094,0.976935,107.4135,8.501204999999999,9.35071
2019-06-21 20:00:00,0.69278,1.137335,1.274435,0.65874,1.3207149999999999,0.97683,107.35249999999999,8.49699,9.34799
2019-06-24 14:00:00,0.6952149999999999,1.138495,1.27163,0.660745,1.32103,0.9750000000000001,107.46549999999999,8.504405,9.319685
2019-06-24 15:00:00,0.6955549999999999,1.138935,1.27252,0.661465,1.320475,0.9718549999999999,107.3735,8.492,9.305145
2019-06-24 16:00:00,0.696345,1.139245,1.2726950000000001,0.6619349999999999,1.31975,0.97201,107.3615,8.49019,9.29637
2019-06-24 17:00:00,0.696475,1.138915,1.273695,0.6620999999999999,1.318785,0.9729000000000001,107.338,8.48851,9.29113
2019-06-25 10:00:00,0.696975,1.137885,1.27562,0.664095,1.317755,0.9761949999999999,107.0955,8.50926,9.257685
2019-06-25 11:00:00,0.697245,1.1384750000000001,1.27543,0.664995,1.31707,0.976155,106.9725,8.50525,9.24932
2019-06-25 12:00:00,0.696655,1.138295,1.2728899999999999,0.663945,1.31799,0.97709,107.0835,8.505495,9.245055
2019-06-25 13:00:00,0.69679,1.139435,1.272645,0.66474,1.315965,0.974885,107.0685,8.51322,9.256
2019-06-25 14:00:00,0.69676,1.1390600000000002,1.27281,0.6644,1.316725,0.972915,107.0215,8.5084,9.258759999999999
2019-06-25 15:00:00,0.696985,1.138245,1.2719900000000002,0.664995,1.31765,0.9728749999999999,106.95949999999999,8.51722,9.266694999999999
2019-06-25 16:00:00,0.697435,1.138525,1.27204,0.665405,1.3164600000000002,0.972685,106.9195,8.51089,9.259644999999999
2019-06-25 17:00:00,0.695695,1.13631,1.2693500000000002,0.664325,1.31915,0.97601,107.23599999999999,8.541295,9.282205000000001
2019-06-25 18:00:00,0.6960850000000001,1.137055,1.2705350000000002,0.664785,1.3186,0.9753400000000001,107.172,8.536950000000001,9.26832
2019-06-25 19:00:00,0.695925,1.137275,1.269445,0.66425,1.318195,0.975095,107.1375,8.53803,9.273005000000001
2019-06-25 20:00:00,0.6959,1.13672,1.2687750000000002,0.6642650000000001,1.3173650000000001,0.9759450000000001,107.1905,8.54077,9.27589
2019-06-25 21:00:00,,,,0.66394,,,,,
2019-06-25 22:00:00,0.69584,1.1368800000000001,1.2690299999999999,0.66352,1.31738,0.97536,107.144,8.538095,9.280765
2019-06-25 23:00:00,0.6957800000000001,1.13659,1.268815,0.663125,1.3178450000000002,0.975075,107.205,8.541955,9.28758
2019-06-26 00:00:00,0.696055,1.13681,1.269005,0.663355,1.3178,0.97488,107.1805,8.542069999999999,9.28507
2019-06-26 01:00:00,0.69607,1.136225,1.2685,0.663235,1.3183150000000001,0.97573,107.3555,8.542995000000001,9.28928
2019-06-26 02:00:00,0.696195,1.1357650000000001,1.2682,0.663815,1.319015,0.9765550000000001,107.382,8.54741,9.294055
2019-06-26 03:00:00,0.6965749999999999,1.1354899999999999,1.26861,0.66543,1.3183950000000002,0.97675,107.44800000000001,8.54635,9.29614
2019-06-26 04:00:00,0.6963699999999999,1.135575,1.26838,0.665305,1.3183099999999999,0.976505,107.4585,8.544845,9.295035
2019-06-26 05:00:00,0.696455,1.135595,1.2675100000000001,0.66523,1.318405,0.97616,107.4805,8.549009999999999,9.29525
2019-06-26 06:00:00,0.696895,1.136315,1.26709,0.66568,1.31759,0.976485,107.4515,8.538385,9.29182
2019-06-26 07:00:00,0.697415,1.13591,1.266775,0.665895,1.3173400000000002,0.975765,107.4745,8.527545,9.289385
2019-06-26 08:00:00,0.6984250000000001,1.136435,1.26716,0.6666799999999999,1.316115,0.9750449999999999,107.4725,8.50709,9.26331
2019-06-26 09:00:00,0.698035,1.135855,1.267335,0.66652,1.31615,0.97573,107.4435,8.51291,9.278030000000001
2019-06-26 10:00:00,0.698535,1.135985,1.2685300000000002,0.6673899999999999,1.3155649999999999,0.977275,107.6805,8.504755,9.274785000000001
2019-06-26 11:00:00,0.698375,1.136695,1.26898,0.667745,1.31535,0.9771350000000001,107.6895,8.502225,9.263285
2019-06-26 12:00:00,0.697935,1.1359949999999999,1.268135,0.66813,1.31616,0.97793,107.74549999999999,8.513380000000002,9.276215
2019-06-26 13:00:00,0.697955,1.135945,1.266945,0.66814,1.315745,0.9783200000000001,107.6545,8.517845000000001,9.281289999999998
2019-06-26 14:00:00,0.6975549999999999,1.135055,1.2678500000000001,0.6675800000000001,1.3157100000000002,0.9776050000000001,107.69749999999999,8.512599999999999,9.284355000000001
2019-06-26 15:00:00,0.6982649999999999,1.137735,1.26789,0.6680999999999999,1.313925,0.975445,107.63550000000001,8.490345,9.258125
2019-06-26 16:00:00,0.698985,1.1390850000000001,1.2696,0.669125,1.3109000000000002,0.976055,107.6385,8.476545000000002,9.248385
2019-06-26 17:00:00,0.6990000000000001,1.138295,1.269825,0.669035,1.3115450000000002,0.977195,107.66550000000001,8.48275,9.25695
2019-06-26 18:00:00,0.6986950000000001,1.1375,1.2692999999999999,0.668485,1.31213,0.977805,107.7565,8.492844999999999,9.262464999999999
2019-06-26 19:00:00,0.698455,1.13693,1.26872,0.66795,1.3113899999999998,0.978105,107.8365,8.492764999999999,9.262925
2019-06-26 20:00:00,0.698805,1.13654,1.269005,0.6680200000000001,1.3119,0.97787,107.8045,8.496459999999999,9.262135
2019-06-26 21:00:00,0.698485,1.1369349999999998,1.2690100000000002,0.6683250000000001,1.3127300000000002,0.97804,107.7895,8.49615,9.259005
2019-06-26 22:00:00,0.69872,1.137415,1.2693349999999999,0.668015,1.312495,0.97772,107.76,8.491865,9.255435
2019-06-26 23:00:00,0.6985699999999999,1.13733,1.26932,0.66787,1.31262,0.977425,107.7305,8.492705,9.256465
2019-06-27 00:00:00,0.6985250000000001,1.1373600000000001,1.2695249999999998,0.66794,1.312325,0.9775400000000001,107.7475,8.492435,9.25984
2019-06-27 01:00:00,0.699345,1.1372849999999999,1.269745,0.668415,1.311985,0.977695,107.6745,8.492165,9.25415
2019-06-27 02:00:00,0.6998949999999999,1.137045,1.269355,0.66842,1.3121900000000002,0.97818,107.8055,8.494195,9.257385
2019-06-27 03:00:00,0.699535,1.1362,1.2684549999999999,0.6681999999999999,1.312775,0.9794350000000001,108.005,8.499365000000001,9.26398
2019-06-27 04:00:00,0.69938,1.135925,1.2683499999999999,0.668095,1.31288,0.98003,108.0955,8.501275,9.265235
2019-06-27 05:00:00,0.69939,1.135295,1.2684250000000001,0.6681900000000001,1.31327,0.98083,108.0625,8.50627,9.268885000000001
2019-06-27 06:00:00,0.699145,1.135535,1.2679399999999998,0.66787,1.31345,0.980815,108.0705,8.509004999999998,9.268775
2019-06-27 07:00:00,0.699195,1.135785,1.2687249999999999,0.667635,1.313045,0.9808,108.0645,8.50946,9.28374
2019-06-27 08:00:00,0.6995800000000001,1.1368,1.26849,0.66852,1.3123749999999998,0.9791650000000001,108.051,8.506115000000001,9.271830000000001
2019-06-27 09:00:00,0.699685,1.1371600000000002,1.2697150000000001,0.6689499999999999,1.31227,0.978855,107.9425,8.50738,9.27026
2019-06-27 10:00:00,0.6996100000000001,1.1375250000000001,1.27128,0.669165,1.31256,0.9779450000000001,107.8515,8.514,9.270685
2019-06-27 17:00:00,0.699965,1.13663,1.267855,0.6698900000000001,1.31023,0.976635,107.7425,8.520299999999999,9.279354999999999
2019-06-27 18:00:00,0.70004,1.1367250000000002,1.267215,0.669845,1.31046,0.9768049999999999,107.74549999999999,8.518875,9.278545
2019-06-27 19:00:00,0.7004349999999999,1.137355,1.266445,,1.3091949999999999,0.97601,107.7475,8.51437,9.279250000000001
2019-06-27 20:00:00,0.700725,1.1368399999999999,1.26719,0.67001,1.310235,0.97644,107.7735,8.517949999999999,9.281425
2019-06-27 21:00:00,0.70086,1.1369099999999999,1.26719,0.67003,1.3094899999999998,0.976575,107.801,8.51355,9.27785
2019-06-27 22:00:00,0.70059,1.136835,1.26671,0.669755,1.310155,0.97671,107.8135,8.517325,9.276795
2019-06-27 23:00:00,0.700515,1.136845,1.267,0.670185,1.309985,0.9769049999999999,107.791,8.51403,9.27733
2019-06-28 00:00:00,0.70048,1.13712,1.2673800000000002,0.670165,1.309475,0.976715,107.755,8.510995000000001,9.272275
2019-06-28 01:00:00,0.7004900000000001,1.137045,1.2676150000000002,0.6703749999999999,1.309215,0.97568,107.6795,8.50937,9.273005000000001
2019-06-28 02:00:00,0.700125,1.136695,1.2668149999999998,0.669215,1.30986,0.9756750000000001,107.6895,8.513224999999998,9.277895000000001
2019-06-28 03:00:00,0.7007,1.136885,1.2671199999999998,0.669585,1.309755,0.9755,107.63499999999999,8.5164,9.276299999999999
2019-06-28 04:00:00,0.700885,1.136545,1.267235,0.669875,1.30966,0.97601,107.62049999999999,8.51591,9.28014
2019-06-28 05:00:00,0.70096,1.1363400000000001,1.2671000000000001,0.669905,1.3097400000000001,0.975385,107.64150000000001,8.5175,9.280275
2019-06-28 06:00:00,0.7012400000000001,1.136355,1.267075,0.67028,1.3099750000000001,0.9758899999999999,107.70599999999999,8.51862,9.2802
2019-06-28 07:00:00,0.7013750000000001,1.13785,1.26746,0.670675,1.309425,0.974865,107.69749999999999,8.510075,9.269815000000001
2019-06-28 08:00:00,0.70157,1.138705,1.2676150000000002,0.67102,1.3092899999999998,0.974765,107.6465,8.515675,9.276435
2019-06-28 09:00:00,0.701165,1.13907,1.267915,0.67074,1.309695,0.9739599999999999,107.65350000000001,8.51615,9.262540000000001
2019-06-28 10:00:00,0.700755,1.1384699999999999,1.267655,0.6708099999999999,1.30971,0.97514,107.67099999999999,8.520645,9.263195
2019-06-28 11:00:00,0.7005699999999999,1.1382349999999999,1.26872,0.67065,1.309245,0.9749300000000001,107.6785,8.51681,9.269895
2019-06-28 12:00:00,0.70048,1.137155,1.2690899999999998,0.67073,1.309025,0.9759899999999999,107.7385,8.52201,9.284410000000001
2019-06-28 13:00:00,0.700745,1.138525,1.270495,0.6709700000000001,1.3088899999999999,0.975365,107.7675,8.523285,9.279115000000001
2019-06-28 14:00:00,0.701215,1.138285,1.27128,0.67125,1.3096100000000002,0.97618,107.7555,8.536729999999999,9.283605
2019-06-28 15:00:00,0.70174,1.138825,1.272605,0.671735,1.306735,0.975095,107.7365,8.526060000000001,9.278285
2019-06-28 16:00:00,0.7008650000000001,1.137475,1.270315,0.671025,1.30915,0.975875,107.8445,8.529735,9.288575000000002
2019-06-28 17:00:00,0.7010700000000001,1.135905,1.269505,0.6709499999999999,1.30935,0.976885,107.8835,8.539575,9.298195
2019-06-28 18:00:00,0.701695,1.1368749999999999,1.270155,0.6715599999999999,1.30836,0.975915,107.85249999999999,8.527285,9.283760000000001
2019-06-28 19:00:00,0.701975,1.137725,1.27041,0.67174,1.30815,0.97551,107.7755,8.527625,9.279905
2019-06-28 20:00:00,0.702055,1.1371850000000001,1.26992,0.6717949999999999,1.3096450000000002,0.976175,107.80850000000001,8.530715,9.285225
2019-07-01 09:00:00,0.69997,1.13308,1.264405,0.670875,1.30994,0.983965,108.24799999999999,8.546965,9.299019999999999
2019-07-01 10:00:00,0.699765,1.132365,1.2644950000000001,0.6699999999999999,1.3106,0.98312,108.29050000000001,8.551895,9.30651
2019-07-01 11:00:00,0.699555,1.133705,1.263655,0.669935,1.3101699999999998,0.982255,108.2595,8.550395,9.295034999999999
2019-07-01 12:00:00,0.6995100000000001,1.13479,1.264545,0.6698900000000001,1.3095750000000002,0.98184,108.2945,8.534199999999998,9.29277
2019-07-01 13:00:00,0.69912,1.13461,1.2655949999999998,0.6696,1.30991,0.98274,108.3505,8.539875,9.306754999999999
2019-07-01 14:00:00,0.69864,1.13308,1.2650000000000001,0.6692,1.310585,0.984435,108.344,8.546434999999999,9.322135
2019-07-01 15:00:00,0.696685,1.132475,1.2651400000000002,0.667875,1.31037,0.98445,108.3235,8.554295,9.326005
2019-07-01 16:00:00,0.696205,1.130675,1.2643499999999999,0.66736,1.3125049999999998,0.986375,108.42099999999999,8.573615,9.33782
2019-07-01 17:00:00,0.6957800000000001,1.129435,1.26356,0.6669750000000001,1.31392,0.98731,108.4785,8.583124999999999,9.349174999999999
2019-07-01 18:00:00,0.6958949999999999,1.12835,1.26384,0.666805,1.314425,0.988105,108.4585,8.58782,9.36066
2019-07-01 19:00:00,0.695765,1.128535,1.2637450000000001,,1.3141150000000001,0.987705,108.4665,8.587720000000001,9.358944999999999
2019-07-01 20:00:00,0.69619,1.1287150000000001,1.26382,0.667375,1.3135,0.9876750000000001,108.435,8.580635000000001,9.352395000000001
2019-07-01 21:00:00,0.696475,1.128545,1.26389,0.667465,1.31359,0.987715,108.445,8.58226,9.358745
2019-07-01 22:00:00,0.696485,1.1288550000000002,1.26395,0.66724,1.31345,0.98758,108.4295,8.580465,9.356875
2019-07-01 23:00:00,0.696605,1.1286049999999999,1.2646549999999999,0.667615,1.3131249999999999,0.98707,108.31700000000001,8.582745,9.355825
2019-07-02 00:00:00,0.6965250000000001,1.128695,1.2644799999999998,0.6671400000000001,1.31349,0.9874,108.374,8.584495,9.35813
2019-07-02 01:00:00,0.6966300000000001,1.128415,1.2643550000000001,0.6672899999999999,1.31375,0.98734,108.4315,8.586780000000001,9.36017
2019-07-02 02:00:00,0.69753,1.128275,1.264055,0.667455,1.3127550000000001,0.9873449999999999,108.4435,8.585085,9.358139999999999
2019-07-02 03:00:00,0.697665,1.127985,1.26407,0.667705,1.3130449999999998,0.987105,108.4205,8.586615,9.3564
2019-07-02 04:00:00,0.697515,1.1280000000000001,1.2638150000000001,0.6677550000000001,1.3132549999999998,0.987015,108.41900000000001,8.58542,9.357265
2019-07-02 05:00:00,0.69843,1.128965,1.2637800000000001,0.6677500000000001,1.312435,0.9867049999999999,108.39150000000001,8.57722,9.34688
2019-07-02 06:00:00,0.6978599999999999,1.129105,1.26398,0.667165,1.31242,0.9868399999999999,108.35249999999999,8.574555,9.344345
2019-07-02 07:00:00,0.698685,1.129145,1.263715,0.66691,1.3112949999999999,0.98781,108.3745,8.56386,9.33954
2019-07-02 08:00:00,0.698375,1.1289,1.262395,0.6661349999999999,1.3119049999999999,0.9875400000000001,108.262,8.570335,9.345455
2019-07-02 09:00:00,0.698295,1.12935,1.2617850000000002,0.666315,1.3128250000000001,0.98784,108.2165,8.56564,9.343865000000001
2019-07-02 10:00:00,0.69899,1.13069,1.2621449999999999,0.666525,1.31263,0.98742,108.2695,8.55481,9.33942
2019-07-02 11:00:00,0.699175,1.129905,1.2626050000000002,0.6665300000000001,1.3118150000000002,0.988095,108.2585,8.558715,9.339870000000001
2019-07-02 12:00:00,0.6993,1.1296249999999999,1.262855,0.6663250000000001,1.3117100000000002,0.9881899999999999,108.271,8.56031,9.34511
2019-07-03 10:00:00,0.70112,1.128875,1.25718,0.668285,1.310365,0.985655,107.7325,8.568335000000001,9.313465
2019-07-03 11:00:00,0.70238,1.129755,1.257025,0.66918,1.309285,0.9843649999999999,107.6325,8.557305,9.308855000000001
2019-07-03 12:00:00,0.701955,1.129145,1.2579449999999999,0.66901,1.3099150000000002,0.9843500000000001,107.6675,8.55234,9.308535
2019-07-09 14:00:00,0.6924399999999999,1.120705,1.247145,0.660385,1.3123749999999998,0.99308,108.84649999999999,8.656655,9.48498
2019-07-09 15:00:00,0.69267,1.120565,1.2465449999999998,0.660595,1.3130549999999999,0.993525,108.777,8.653565,9.475985
2019-07-09 16:00:00,0.692635,1.12092,1.2462300000000002,0.6607700000000001,1.3123399999999998,0.99292,108.785,8.64374,9.47154
2019-07-09 17:00:00,0.69276,1.120875,1.24675,0.660805,1.31272,0.99306,108.807,8.646255,9.471129999999999
2019-07-09 18:00:00,0.692825,1.121065,1.2465799999999998,0.66072,1.3138100000000001,0.993105,108.815,8.645215,9.46902
2019-07-09 19:00:00,0.6927650000000001,1.1207449999999999,1.2466300000000001,,1.312735,0.993525,108.8715,8.648520000000001,9.471315
2019-07-09 20:00:00,0.692875,1.12074,1.2463199999999999,0.66067,1.3125499999999999,0.99386,108.8875,8.649815,9.468
2019-07-09 21:00:00,,,,0.66064,,,,,
2019-07-09 22:00:00,0.692965,1.120805,1.246375,0.66065,1.31288,0.993515,108.85050000000001,8.650739999999999,9.472885000000002
2019-07-09 23:00:00,0.692815,1.12059,1.24608,0.660415,1.312815,0.99369,108.8875,8.65061,9.47306
2019-07-10 00:00:00,0.6925399999999999,1.12045,1.245775,0.6600699999999999,1.31274,0.99363,108.9345,8.651225,9.47294
2019-07-10 01:00:00,0.692455,1.120355,1.245755,0.6599349999999999,1.31307,0.993975,108.96600000000001,8.650485,9.471845
2019-07-10 02:00:00,0.6921299999999999,1.120425,1.24539,0.659885,1.313285,0.9937750000000001,108.9005,8.651515,9.47122
2019-07-10 03:00:00,0.6925399999999999,1.12101,1.2454450000000001,0.659775,1.312545,0.9932799999999999,108.8965,8.646709999999999,9.466615000000001
2019-07-10 04:00:00,0.692,1.120725,1.24525,0.6594949999999999,1.312995,0.993115,108.8955,8.651415,9.47137
2019-07-10 05:00:00,0.692,1.1207500000000001,1.245485,0.6597649999999999,1.31312,0.99305,108.8665,8.650794999999999,9.47187
2019-07-10 06:00:00,0.69241,1.120975,1.2455850000000002,0.6605449999999999,1.31298,0.99312,108.8615,8.63918,9.47057
2019-07-10 07:00:00,0.691745,1.1212849999999999,1.2453750000000001,0.660155,1.313645,0.992375,108.9295,8.658955,9.46805
2019-07-10 08:00:00,0.69109,1.12148,1.245835,0.65949,1.31332,0.9923299999999999,108.95349999999999,8.660744999999999,9.465589999999999
2019-07-10 15:00:00,0.6954400000000001,1.125275,1.249655,0.66397,1.311555,0.989985,108.5415,8.587595,9.421075
2019-07-11 10:00:00,0.697965,1.126645,1.25362,0.66691,1.30451,0.986205,108.1735,8.557115,9.390225000000001
2019-07-11 11:00:00,0.697975,1.127165,1.256045,0.66723,1.305045,0.985985,108.1255,8.546495,9.384975
2019-07-11 12:00:00,0.69833,1.12777,1.2555450000000001,0.6676,1.305835,0.985705,108.0985,8.538920000000001,9.378139999999998
2019-07-11 13:00:00,0.698585,1.128465,1.25672,0.66824,1.3056649999999999,0.984845,108.0505,8.536014999999999,9.375935
2019-07-11 15:00:00,0.69772,1.125275,1.253665,0.66659,1.30894,0.9891650000000001,108.34049999999999,8.552185000000001,9.390925
2019-07-11 16:00:00,0.6981550000000001,1.126045,1.2548400000000002,0.66716,1.307185,0.988675,108.2935,8.5452,9.385774999999999
2019-07-11 17:00:00,0.697925,1.125445,1.252065,0.66649,1.30745,0.989805,108.46000000000001,8.549415,9.391855
2019-07-11 18:00:00,0.697145,1.125175,1.2518950000000002,0.666185,1.308455,0.9899249999999999,108.4425,8.549520000000001,9.391835
2019-07-11 19:00:00,0.69753,1.12575,1.252585,0.666565,1.30718,0.989995,108.45599999999999,8.544284999999999,9.384705
2019-07-11 20:00:00,0.6977450000000001,1.125695,1.25272,0.66666,1.3059500000000002,0.99012,108.4445,8.53856,9.379529999999999
2019-07-11 21:00:00,0.69742,1.1253700000000002,1.252325,0.66603,1.307075,0.990175,108.49600000000001,8.539505,9.382145000000001
2019-07-11 22:00:00,0.697355,1.1253549999999999,1.252645,0.666025,1.30689,0.990095,108.4825,8.541915,9.382185
2019-07-11 23:00:00,0.69741,1.125635,1.252875,0.66639,1.3067,0.989845,108.4745,8.539719999999999,9.379685
2019-07-12 00:00:00,0.69716,1.1249850000000001,1.25211,0.666135,1.3069250000000001,0.990665,108.592,8.544725,9.38447
2019-07-12 01:00:00,0.698515,1.1258599999999999,1.25311,0.66708,1.30591,0.990375,108.519,8.53538,9.374310000000001
2019-07-12 02:00:00,0.6988749999999999,1.126435,1.253885,0.667235,1.3042449999999999,0.9896499999999999,108.3885,8.530664999999999,9.369585
2019-07-12 03:00:00,0.698535,1.1265800000000001,1.25359,0.66774,1.30392,0.98979,108.3765,8.528770000000002,9.367805
2019-07-12 04:00:00,0.69913,1.127195,1.254475,0.668015,1.303855,0.989385,108.36449999999999,8.52408,9.362865
2019-07-12 05:00:00,0.699595,1.127135,1.254245,0.668365,1.3036400000000001,0.989345,108.3215,8.522780000000001,9.363845000000001
2019-07-12 06:00:00,0.70007,1.127345,1.254605,0.668435,1.303385,0.989225,108.3275,8.52103,9.36244
2019-07-12 07:00:00,0.7000850000000001,1.127205,1.25487,0.66867,1.302365,0.988235,108.34049999999999,8.52411,9.36547
2019-07-12 08:00:00,0.699925,1.126495,1.25365,0.66839,1.302585,0.986575,108.3675,8.53413,9.367215
2019-07-12 09:00:00,0.699875,1.1262750000000001,1.2541099999999998,0.668215,1.302865,0.9867049999999999,108.3395,8.533760000000001,9.363355
2019-07-12 10:00:00,0.698855,1.125695,1.253365,0.6672549999999999,1.3033649999999999,0.987215,108.4265,8.54036,9.36928
2019-07-12 11:00:00,0.698925,1.125795,1.253155,0.66703,1.303275,0.9866550000000001,108.3475,8.537105,9.371590000000001
2019-07-12 12:00:00,0.698825,1.124725,1.253425,0.66658,1.303395,0.986135,108.2875,8.54979,9.381
2019-07-12 13:00:00,0.69868,1.12452,1.2538550000000002,0.666455,1.30393,0.98601,108.271,8.55301,9.38627
2019-07-12 14:00:00,0.69926,1.12487,1.254695,0.667165,1.3051249999999999,0.9853149999999999,108.07849999999999,8.55163,9.388695
2019-07-12 15:00:00,0.7005699999999999,1.125185,1.25587,0.668115,1.30447,0.9854499999999999,108.0145,8.54891,9.38265
2019-07-12 16:00:00,0.7006399999999999,1.125305,1.255245,0.668065,1.304225,0.984645,108.01050000000001,8.54982,9.378655
2019-07-12 17:00:00,0.701715,1.126765,1.256685,0.6692100000000001,1.3028650000000002,0.984135,107.9295,8.537015,9.36983
2019-07-12 18:00:00,0.7018899999999999,1.126765,1.2563650000000002,0.669375,1.3035649999999999,0.98448,107.9085,8.540115,9.37155
2019-07-12 19:00:00,0.702435,1.127165,1.2572,0.6695599999999999,1.3031899999999998,0.984455,107.80799999999999,8.54006,9.372785
2019-07-12 20:00:00,0.702045,1.127165,1.25722,0.66943,1.30338,0.9842299999999999,107.8545,8.538745,9.37164
2019-07-16 15:00:00,0.70295,1.122395,1.241815,0.6710750000000001,1.3032650000000001,0.98735,108.2705,8.54321,9.374785
2019-07-16 16:00:00,0.7018949999999999,1.121145,1.24071,0.670235,1.304445,0.98915,108.35499999999999,8.559194999999999,9.38123
2019-07-16 17:00:00,0.702005,1.121245,1.241775,0.670355,1.305785,0.988205,108.2655,8.563785,9.38327
2019-07-16 18:00:00,0.701465,1.12101,1.2409050000000001,0.670075,1.307645,0.9886,108.295,8.573205,9.388819999999999
2019-07-16 19:00:00,0.701365,1.120655,1.2405650000000001,,1.30693,0.98868,108.3365,8.572230000000001,9.389785
2019-07-16 20:00:00,0.701275,1.12092,1.2406350000000002,0.6700999999999999,1.30779,0.9876400000000001,108.2835,8.570085,9.387889999999999
2019-07-16 21:00:00,0.70122,1.1210499999999999,1.24082,0.670215,1.30878,0.9878899999999999,108.24600000000001,8.575344999999999,9.392325
2019-07-17 12:00:00,0.70065,1.121755,1.241245,0.672425,1.3062,0.98916,108.2675,8.57676,9.374165000000001
2019-07-17 13:00:00,0.700005,1.121155,1.2407849999999998,0.6720999999999999,1.30684,0.989205,108.2865,8.584435,9.374310000000001
2019-07-17 14:00:00,0.6999599999999999,1.122075,1.2421799999999998,0.6719649999999999,1.306825,0.9890950000000001,108.2435,8.583445,9.36894
2019-07-18 10:00:00,0.7031149999999999,1.1232,1.246715,0.673925,1.3055400000000001,0.98586,107.7705,8.597290000000001,9.358664999999998
2019-07-18 11:00:00,0.7031400000000001,1.121295,1.24782,0.6742699999999999,1.305745,0.988405,107.86099999999999,8.602219999999999,9.371089999999999
2019-07-18 12:00:00,0.703565,1.121945,1.2487400000000002,0.6742349999999999,1.3064900000000002,0.98685,107.80250000000001,8.59455,9.363995
2019-07-19 14:00:00,0.70616,1.123355,1.25312,0.677755,1.30714,0.98134,107.65350000000001,8.562265,9.37079
2019-07-19 15:00:00,0.704745,1.1221649999999999,1.250215,0.677135,1.307715,0.98229,107.7385,8.573920000000001,9.373335
2019-07-19 16:00:00,0.7042649999999999,1.122055,1.24981,0.6770700000000001,1.30823,0.9822949999999999,107.7775,8.571505,9.37804
2019-07-19 17:00:00,0.705165,1.122875,1.250305,0.677555,1.306735,0.9817199999999999,107.731,8.56531,9.37317
2019-07-19 18:00:00,0.705165,1.122415,1.250205,0.6772199999999999,1.306015,0.9821150000000001,107.761,8.567205,9.38048
2019-07-19 19:00:00,0.70431,1.121885,1.2498900000000002,0.67626,1.306185,0.9826550000000001,107.7865,8.575199999999999,9.3845
2019-07-19 20:00:00,0.7043349999999999,1.12188,1.250115,0.67625,1.30605,0.982315,107.73349999999999,8.57454,9.38618
2019-07-19 21:00:00,0.704485,1.122065,1.250545,0.676355,1.30595,0.98157,107.71000000000001,8.573095,9.383344999999998
2019-07-19 22:00:00,0.704485,1.122065,1.250545,0.676355,1.30595,0.98157,107.71000000000001,8.573095,9.383344999999998
2019-07-19 23:00:00,0.704485,1.122065,1.250545,0.676355,1.30595,0.98157,107.71000000000001,8.573095,9.383344999999998
2019-07-20 01:00:00,0.704485,1.122065,1.250545,0.676355,1.30595,0.98157,107.71000000000001,8.573095,9.383344999999998
2019-07-20 02:00:00,0.704485,1.122065,1.250545,0.676355,1.30595,0.98157,107.71000000000001,8.573095,9.383344999999998
2019-07-20 03:00:00,0.704485,1.122065,1.250545,0.676355,1.30595,0.98157,107.71000000000001,8.573095,9.383344999999998
2019-07-20 09:00:00,0.704485,1.122065,1.250545,0.676355,1.30595,0.98157,107.71000000000001,8.573095,9.383344999999998
2019-07-20 10:00:00,0.704485,1.122065,1.250545,0.676355,1.30595,0.98157,107.71000000000001,8.573095,9.383344999999998
2019-07-20 11:00:00,0.704485,1.122065,1.250545,0.676355,1.30595,0.98157,107.71000000000001,8.573095,9.383344999999998
2019-07-20 12:00:00,0.704485,1.122065,1.250545,0.676355,1.30595,0.98157,107.71000000000001,8.573095,9.383344999999998
2019-07-20 13:00:00,0.704485,1.122065,1.250545,0.676355,1.30595,0.98157,107.71000000000001,8.573095,9.383344999999998
2019-07-20 15:00:00,0.704485,1.122065,1.250545,0.676355,1.30595,0.98157,107.71000000000001,8.573095,9.383344999999998
2019-07-20 16:00:00,0.704485,1.122065,1.250545,0.676355,1.30595,0.98157,107.71000000000001,8.573095,9.383344999999998
2019-07-20 17:00:00,0.704485,1.122065,1.250545,0.676355,1.30595,0.98157,107.71000000000001,8.573095,9.383344999999998
2019-07-20 18:00:00,0.704485,1.122065,1.250545,0.676355,1.30595,0.98157,107.71000000000001,8.573095,9.383344999999998
2019-07-20 19:00:00,0.704485,1.122065,1.250545,0.676355,1.30595,0.98157,107.71000000000001,8.573095,9.383344999999998
2019-07-20 21:00:00,0.704485,1.122065,1.250545,0.676355,1.30595,0.98157,107.71000000000001,8.573095,9.383344999999998
2019-07-20 22:00:00,0.704485,1.122065,1.250545,0.676355,1.30595,0.98157,107.71000000000001,8.573095,9.383344999999998
2019-07-20 23:00:00,0.704485,1.122065,1.250545,0.676355,1.30595,0.98157,107.71000000000001,8.573095,9.383344999999998
2019-07-21 00:00:00,0.704485,1.122065,1.250545,0.676355,1.30595,0.98157,107.71000000000001,8.573095,9.383344999999998
2019-07-21 01:00:00,0.704485,1.122065,1.250545,0.676355,1.30595,0.98157,107.71000000000001,8.573095,9.383344999999998
2019-07-21 03:00:00,0.704485,1.122065,1.250545,0.676355,1.30595,0.98157,107.71000000000001,8.573095,9.383344999999998
2019-07-21 04:00:00,0.704485,1.122065,1.250545,0.676355,1.30595,0.98157,107.71000000000001,8.573095,9.383344999999998
2019-07-21 05:00:00,0.704485,1.122065,1.250545,0.676355,1.30595,0.98157,107.71000000000001,8.573095,9.383344999999998
2019-07-21 06:00:00,0.704485,1.122065,1.250545,0.676355,1.30595,0.98157,107.71000000000001,8.573095,9.383344999999998
2019-07-21 07:00:00,0.704485,1.122065,1.250545,0.676355,1.30595,0.98157,107.71000000000001,8.573095,9.383344999999998
2019-07-21 08:00:00,0.704485,1.122065,1.250545,0.676355,1.30595,0.98157,107.71000000000001,8.573095,9.383344999999998
2019-07-21 09:00:00,0.704485,1.122065,1.250545,0.676355,1.30595,0.98157,107.71000000000001,8.573095,9.383344999999998
2019-07-21 11:00:00,0.704485,1.122065,1.250545,0.676355,1.30595,0.98157,107.71000000000001,8.573095,9.383344999999998
2019-07-21 12:00:00,0.704485,1.122065,1.250545,0.676355,1.30595,0.98157,107.71000000000001,8.573095,9.383344999999998
2019-07-21 13:00:00,0.704485,1.122065,1.250545,0.676355,1.30595,0.98157,107.71000000000001,8.573095,9.383344999999998
2019-07-21 14:00:00,0.704485,1.122065,1.250545,0.676355,1.30595,0.98157,107.71000000000001,8.573095,9.383344999999998
2019-07-21 16:00:00,0.704485,1.122065,1.250545,0.676355,1.30595,0.98157,107.71000000000001,8.573095,9.383344999999998
2019-07-21 17:00:00,0.704485,1.122065,1.250545,0.676355,1.30595,0.98157,107.71000000000001,8.573095,9.383344999999998
2019-07-21 20:00:00,0.704485,1.122065,1.250545,0.676355,1.30595,0.98157,107.71000000000001,8.573095,9.383344999999998
2019-07-21 22:00:00,0.704485,1.122065,1.250545,0.676355,1.30595,0.98157,107.71000000000001,8.573095,9.383344999999998
2019-07-21 23:00:00,0.704485,1.122065,1.250545,0.676355,1.30595,0.98157,107.71000000000001,8.573095,9.383344999999998
2019-07-22 00:00:00,0.704485,1.122065,1.250545,0.676355,1.30595,0.98157,107.71000000000001,8.573095,9.383344999999998
2019-07-22 01:00:00,0.704485,1.122065,1.250545,0.676355,1.30595,0.98157,107.71000000000001,8.573095,9.383344999999998
2019-07-22 03:00:00,0.704485,1.122065,1.250545,0.676355,1.30595,0.98157,107.71000000000001,8.573095,9.383344999999998
2019-07-22 08:00:00,0.7039249999999999,1.121975,1.24804,0.677485,1.304705,0.982055,107.86449999999999,8.573425,9.390295
2019-07-22 09:00:00,0.704245,1.121775,1.24655,0.6778,1.3044950000000002,0.981795,107.8675,8.571200000000001,9.395525
2019-07-22 10:00:00,0.7040850000000001,1.1216949999999999,1.246715,0.67763,1.30497,0.982255,107.8775,8.573825,9.402555
2019-07-22 11:00:00,0.70519,1.122185,1.24689,0.6783300000000001,1.3053249999999998,0.981285,107.87299999999999,8.574459999999998,9.397120000000001
2019-07-22 12:00:00,0.704915,1.120835,1.245775,0.6779999999999999,1.307255,0.9822150000000001,107.9505,8.58822,9.405095
2019-07-22 13:00:00,0.70522,1.121795,1.247145,0.678415,1.308705,0.98097,107.9235,8.583755,9.40204
2019-07-22 14:00:00,0.70475,1.122375,1.2486,0.6778500000000001,1.3097249999999998,0.98123,107.9085,8.587720000000001,9.40454
2019-07-22 14:07:09,0.7044250000000001,1.12221,1.24821,0.6774249999999999,1.30978,0.981325,107.92099999999999,8.593315,9.408629999999999
2019-07-22 15:00:00,0.7045699999999999,1.1222050000000001,1.249795,0.67796,1.3109899999999999,0.9805299999999999,107.8395,8.599585,9.407065
2019-07-22 16:00:00,0.704135,1.121415,1.2473800000000002,0.67737,1.31158,0.98149,107.912,8.60394,9.408615
2019-07-22 17:00:00,0.704105,1.121845,1.248135,0.67737,1.31101,0.981335,107.882,8.599985,9.40346
2019-07-22 18:00:00,0.70415,1.12188,1.24856,0.67719,1.3106300000000002,0.980935,107.7935,8.599895,9.401485000000001
2019-07-22 19:00:00,0.70366,1.121095,1.2482600000000001,0.67654,1.311275,0.98156,107.86449999999999,8.60981,9.40689
2019-07-22 20:00:00,0.703705,1.121095,1.247865,0.67647,1.311055,0.9818800000000001,107.8765,8.608055,9.41279
2019-07-22 21:00:00,0.7035849999999999,1.1209250000000002,1.247615,0.675875,1.3118699999999999,0.9820599999999999,107.87450000000001,8.606995000000001,9.413155
2019-07-22 21:02:14,0.7035849999999999,1.1209250000000002,1.247615,0.675875,1.3118699999999999,0.9820599999999999,107.87450000000001,8.606995000000001,9.413155
2019-07-22 21:03:23,0.7035849999999999,1.1209250000000002,1.247615,0.675875,1.3118699999999999,0.9820599999999999,107.87450000000001,8.606995000000001,9.413155
2019-07-22 21:06:50,0.7035849999999999,1.1209250000000002,1.247615,0.67594,1.3118699999999999,0.9820599999999999,107.87450000000001,8.606995000000001,9.413155
2019-07-22 21:12:13,0.7035849999999999,1.1209250000000002,1.247615,0.6758500000000001,1.3118699999999999,0.9820599999999999,107.87450000000001,8.606995000000001,9.413155
2019-07-22 21:13:26,0.7035849999999999,1.1209250000000002,1.247615,0.6758500000000001,1.3118699999999999,0.9820599999999999,107.87450000000001,8.606995000000001,9.413155
2019-07-22 22:00:00,0.70349,1.120915,1.247665,0.67581,1.3120150000000002,0.982145,107.8945,8.609,9.41405
2019-07-22 23:00:00,0.70328,1.120835,1.2476850000000002,0.67576,1.3126600000000002,0.982445,107.894,8.61453,9.41635
2019-07-23 00:00:00,0.702975,1.120455,1.247245,0.6738850000000001,1.312995,0.982795,107.9065,8.619810000000001,9.419385
2019-07-23 01:00:00,0.702925,1.12047,1.2472050000000001,0.6740999999999999,1.312345,0.983195,108.0095,8.61834,9.41934
2019-07-23 02:00:00,0.702885,1.119975,1.246735,0.674145,1.312585,0.983575,108.0265,8.622255,9.42351
2019-07-23 03:00:00,0.702555,1.119925,1.2462499999999999,0.673385,1.312605,0.983565,108.0355,8.62402,9.425249999999998
2019-07-23 04:00:00,0.70241,1.119515,1.246045,0.6733750000000001,1.3130549999999999,0.98424,108.048,8.626809999999999,9.42907
2019-07-23 05:00:00,0.702145,1.1192250000000001,1.2458,0.673165,1.313755,0.98412,108.1495,8.643785,9.433135
2019-07-23 06:00:00,0.7018249999999999,1.118945,1.24538,0.673315,1.31411,0.98393,108.1885,8.645914999999999,9.438099999999999
2019-07-23 07:00:00,0.702245,1.11898,1.245525,0.6734450000000001,1.313085,0.983995,108.1305,8.639845000000001,9.434815
2019-07-23 08:00:00,0.7021999999999999,1.119335,1.2441200000000001,0.67334,1.3131599999999999,0.9839100000000001,108.1055,8.646944999999999,9.435905000000002
2019-07-23 09:00:00,0.7025950000000001,1.1183049999999999,1.24291,0.672715,1.31307,0.98463,108.1765,8.653285,9.446000000000002
2019-07-23 10:00:00,0.701935,1.1176949999999999,1.2439900000000002,0.671945,1.3140450000000001,0.98471,108.1945,8.67062,9.46141
2019-07-23 11:00:00,0.703085,1.118145,1.246025,0.673555,1.31369,0.9831449999999999,108.0995,8.655535,9.451855
2019-07-23 12:00:00,0.7027300000000001,1.1172849999999999,1.24583,0.672775,1.314225,0.983535,108.1235,8.66056,9.46068
2019-07-23 13:00:00,0.70233,1.116895,1.244685,0.67279,1.315255,0.983395,108.1465,8.675474999999999,9.46382
2019-07-23 14:00:00,0.700275,1.116075,1.244555,0.6707799999999999,1.31484,0.983665,108.2165,8.683209999999999,9.462985
2019-07-23 14:07:09,0.700565,1.116225,1.2448299999999999,0.67093,1.314445,0.983025,108.148,8.68374,9.467195
2019-07-23 15:00:00,0.70011,1.1148449999999999,1.24373,0.67076,1.314085,0.985125,108.1245,8.691510000000001,9.473475
2019-07-23 16:00:00,0.699885,1.115605,1.244815,0.670715,1.31387,0.984925,108.0615,8.685525,9.465025
2019-07-23 17:00:00,0.700195,1.115075,1.2439149999999999,0.670515,1.313545,0.9851099999999999,108.17099999999999,8.686350000000001,9.465295000000001
2019-07-23 18:00:00,0.700455,1.11537,1.2449050000000002,0.670605,1.313355,0.98517,108.199,8.678165,9.465365
2019-07-23 19:00:00,0.70025,1.115035,1.244215,0.670625,1.3135599999999998,0.985465,108.2595,8.68158,9.468945000000001
2019-07-23 20:00:00,0.7003900000000001,1.1148850000000001,1.2437749999999999,0.670455,1.3142800000000001,0.9856849999999999,108.24549999999999,8.68186,9.472560000000001
2019-07-23 21:00:00,0.70061,1.11518,1.2440449999999998,0.67037,1.3136,0.98526,108.22749999999999,8.676845,9.464375
2019-07-23 21:05:08,0.70061,1.11518,1.2440449999999998,0.670315,1.3136,0.98526,108.22749999999999,8.676845,9.464375
2019-07-23 21:12:13,0.70061,1.11518,1.2440449999999998,0.67032,1.3136,0.98526,108.22749999999999,8.676845,9.464375
2019-07-23 22:00:00,0.70042,1.1152000000000002,1.24397,0.670065,1.313555,0.985085,108.22749999999999,8.67838,9.47645
2019-07-23 23:00:00,0.7001850000000001,1.115215,1.2438500000000001,0.6701699999999999,1.31357,0.9851049999999999,108.22200000000001,8.681170000000002,9.4733
2019-07-24 00:00:00,0.6995549999999999,1.115095,1.243725,0.669755,1.3140649999999998,0.9854400000000001,108.2375,8.684485,9.47502
2019-07-24 01:00:00,0.698455,1.1148449999999999,1.244005,0.6696150000000001,1.31389,0.9858150000000001,108.1605,8.684825,9.476395
2019-07-24 02:00:00,0.6979200000000001,1.114595,1.24326,0.669415,1.313555,0.986235,108.2105,8.683845,9.474779999999999
2019-07-24 03:00:00,0.698025,1.1145450000000001,1.243295,0.66963,1.31346,0.986565,108.18350000000001,8.68689,9.47412
2019-07-24 04:00:00,0.69804,1.114375,1.24312,0.669665,1.313625,0.98651,108.17750000000001,8.687429999999999,9.475645
2019-07-24 05:00:00,0.69818,1.1145450000000001,1.243625,0.669585,1.3137949999999998,0.986395,108.1565,8.68469,9.474125
2019-07-24 06:00:00,0.69834,1.114745,1.24405,0.6696500000000001,1.313545,0.986435,108.1235,8.684899999999999,9.473605
2019-07-24 07:00:00,0.698515,1.1152250000000001,1.2444899999999999,0.66984,1.313035,0.986325,108.098,8.676355000000001,9.467030000000001
2019-07-24 08:00:00,0.6980999999999999,1.1137899999999998,1.2444950000000001,0.669925,1.31369,0.986775,108.0385,8.689875,9.47718
2019-07-24 09:00:00,0.69767,1.113855,1.24651,0.66962,1.314575,0.985905,108.0625,8.679780000000001,9.468875
2019-07-24 10:00:00,0.697845,1.113845,1.24732,0.66959,1.314055,0.9855,108.0485,8.654990000000002,9.460035
2019-07-24 11:00:00,0.698715,1.115425,1.252065,0.67083,1.312675,0.985065,108.0315,8.640985,9.436355
2019-07-24 12:00:00,0.698005,1.114095,1.24965,0.6704950000000001,1.31321,0.98559,108.0645,8.649754999999999,9.45165
2019-07-24 13:00:00,0.698025,1.1141649999999998,1.248485,0.6707000000000001,1.314295,0.985165,108.0375,8.647535,9.447885
2019-07-24 14:00:00,0.6986950000000001,1.114895,1.2484199999999999,0.671655,1.31305,0.984245,108.0235,8.632055000000001,9.434285
2019-07-24 15:00:00,0.6979949999999999,1.1143049999999999,1.249835,0.671165,1.313245,0.98524,108.0705,8.635105,9.43328
2019-07-24 16:00:00,0.6977249999999999,1.114075,1.24965,0.671095,1.313575,0.9855050000000001,108.0875,8.642495,9.42977
2019-07-24 17:00:00,0.6978800000000001,1.114535,1.249955,0.67109,1.31339,0.985205,108.12950000000001,8.632905000000001,9.421175000000002
2019-07-24 18:00:00,0.697405,1.114075,1.248995,0.6705749999999999,1.314705,0.9854700000000001,108.15950000000001,8.643015,9.428215
2019-07-24 19:00:00,0.697615,1.113585,1.247935,0.670385,1.31443,0.985785,108.2175,8.64741,9.42829
2019-07-24 20:00:00,0.697865,1.113645,1.248435,0.67079,1.31488,0.985365,108.2105,8.645975,9.42869
2019-07-24 21:00:00,0.6976549999999999,1.1140150000000002,1.248395,0.67056,1.3140049999999999,0.98477,108.1845,8.643065,9.42618
2019-07-24 22:00:00,0.69762,1.1142699999999999,1.248335,0.6699999999999999,1.31375,0.984525,108.1565,8.643405,9.4244
2019-07-24 23:00:00,0.69777,1.11419,1.248465,0.669905,1.3139750000000001,0.984615,108.1685,8.643835,9.42591
2019-07-25 00:00:00,0.6977949999999999,1.114175,1.24854,0.67003,1.31437,0.9847349999999999,108.19749999999999,8.64114,9.424520000000001
2019-07-25 01:00:00,0.697855,1.113635,1.2484199999999999,0.670285,1.31375,0.9848600000000001,108.182,8.645595,9.429594999999999
2019-07-25 02:00:00,0.6982349999999999,1.113855,1.248335,0.67059,1.313605,0.98465,108.1585,8.643374999999999,9.427855000000001
2019-07-25 03:00:00,0.6980900000000001,1.113565,1.248035,0.670235,1.3135249999999998,0.98519,108.1545,8.645430000000001,9.429010000000002
2019-07-25 04:00:00,0.69712,1.113545,1.247385,0.669985,1.31358,0.985085,108.1675,8.64929,9.43131
2019-07-25 05:00:00,0.696915,1.113455,1.247445,0.66959,1.3137750000000001,0.985115,108.128,8.64954,9.43192
2019-07-25 06:00:00,0.6968000000000001,1.1135549999999999,1.2477649999999998,0.6697,1.31342,0.985215,108.118,8.64431,9.431930000000001
2019-07-25 07:00:00,0.6970449999999999,1.113095,1.247805,0.6698299999999999,1.3131599999999999,0.98522,108.1175,8.65414,9.434104999999999
2019-07-25 08:00:00,0.696875,1.11281,1.247965,0.6693549999999999,1.3134450000000002,0.986075,108.0555,8.65073,9.442565
2019-07-25 09:00:00,0.6964950000000001,1.11293,1.247135,0.668555,1.313285,0.986155,108.0875,8.660325,9.458345
2019-07-25 10:00:00,0.6969650000000001,1.112875,1.247805,0.6686650000000001,1.313015,0.98705,108.09049999999999,8.65654,9.445025000000001
2019-07-25 11:00:00,0.696895,1.11398,1.2495500000000002,0.6692400000000001,1.313175,0.98563,108.0615,8.649415000000001,9.44069
2019-07-25 12:00:00,0.69682,1.1114600000000001,1.248555,0.669645,1.31299,0.9881150000000001,108.13550000000001,8.644135,9.441614999999999
2019-07-25 13:00:00,0.697245,1.115595,1.250445,0.6694100000000001,1.31204,0.988155,108.1705,8.64009,9.43712
2019-07-25 14:00:00,0.6952050000000001,1.11809,1.249725,0.667635,1.314965,0.98828,108.48949999999999,8.662735,9.437795000000001
2019-07-25 15:00:00,0.6961649999999999,1.116015,1.249425,0.66794,1.3134700000000001,0.9897750000000001,108.5595,8.660499999999999,9.437550000000002
2019-07-25 16:00:00,0.695375,1.115505,1.247095,0.666735,1.314565,0.989915,108.59049999999999,8.669645,9.440125
2019-07-25 17:00:00,0.6945950000000001,1.113365,1.2444199999999999,0.665645,1.315765,0.9910749999999999,108.70349999999999,8.67533,9.445810000000002
2019-07-25 18:00:00,0.694895,1.11452,1.245655,0.666235,1.3155000000000001,0.990545,108.6565,8.671795,9.445515
2019-07-25 19:00:00,0.69452,1.114405,1.2451349999999999,0.66567,1.3163200000000002,0.991475,108.75399999999999,8.679965,9.452055000000001
2019-07-25 20:00:00,0.694925,1.114455,1.24512,0.66597,1.3162250000000002,0.991085,108.72649999999999,8.679739999999999,9.45319
2019-07-25 21:00:00,0.69524,1.1147049999999998,1.2459500000000001,0.6664950000000001,1.3165499999999999,0.990855,108.638,8.67603,9.453225
2019-07-25 22:00:00,0.6951849999999999,1.114755,1.245485,0.66638,1.3161100000000001,0.990755,108.6335,8.676015,9.448084999999999
2019-07-25 23:00:00,0.69507,1.1146449999999999,1.24545,0.666135,1.3161399999999999,0.9907600000000001,108.626,8.67703,9.450245
2019-07-26 00:00:00,0.6950700000000001,1.1144850000000002,1.245295,0.66588,1.3161800000000001,0.99106,108.6785,8.677340000000001,9.450375000000001
2019-07-26 01:00:00,0.69489,1.11466,1.2453699999999999,0.6655949999999999,1.31616,0.9904949999999999,108.6965,8.67662,9.449885
2019-07-26 02:00:00,0.694455,1.114745,1.2451699999999999,0.665565,1.316195,0.99044,108.6545,8.67784,9.451225
2019-07-26 03:00:00,0.694635,1.114835,1.24488,0.665675,1.31603,0.9901949999999999,108.5775,8.67685,9.45011
2019-07-26 04:00:00,0.694285,1.114895,1.24466,0.6654599999999999,1.316135,0.99059,108.62299999999999,8.676335,9.44974
2019-07-26 05:00:00,0.69444,1.114755,1.24477,0.66552,1.316255,0.9909300000000001,108.6255,8.677710000000001,9.448905
2019-07-26 06:00:00,0.6943250000000001,1.114585,1.244705,0.665585,1.3162850000000001,0.990855,108.64150000000001,8.6784,9.451440000000002
2019-07-26 07:00:00,0.694055,1.114515,1.24321,0.665745,1.3165550000000001,0.99091,108.6155,8.67938,9.45003
2019-07-26 08:00:00,0.69309,1.113435,1.242725,0.66486,1.3176299999999999,0.991715,108.6315,8.70362,9.469845
2019-07-26 09:00:00,0.69296,1.113585,1.244005,0.6646350000000001,1.31829,0.9918100000000001,108.6725,8.706215,9.476555000000001
2019-07-26 10:00:00,0.6931,1.114195,1.243785,0.664715,1.3182800000000001,0.991815,108.6335,8.700205,9.470255
2019-07-26 11:00:00,0.69269,1.113165,1.242865,0.66414,1.3183950000000002,0.9926999999999999,108.6755,8.707325,9.48668
2019-07-26 12:00:00,0.6929449999999999,1.113475,1.24323,0.66432,1.31762,0.992505,108.6745,8.701550000000001,9.483245
2019-07-26 13:00:00,0.692205,1.113365,1.241775,0.6641999999999999,1.31898,0.9928250000000001,108.7005,8.707335,9.477795
2019-07-26 14:00:00,0.691595,1.113105,1.24079,0.6634899999999999,1.318865,0.99346,108.6805,8.71066,9.477094999999998
2019-07-26 15:00:00,0.691065,1.112665,1.238755,0.6636,1.318755,0.993385,108.6545,8.721365,9.494965
2019-07-26 16:00:00,0.690735,1.1121050000000001,1.23869,0.66319,1.318735,0.993375,108.69800000000001,8.71918,9.49899
2019-07-26 17:00:00,0.69067,1.112195,1.23827,0.663145,1.318365,0.99397,108.70849999999999,8.72438,9.507565
2019-07-26 18:00:00,0.6906749999999999,1.112455,1.23858,0.6630199999999999,1.3184900000000002,0.994005,108.7125,8.721795,9.50601
2019-07-26 19:00:00,0.69068,1.112555,1.238365,0.66309,1.31728,0.99424,108.70400000000001,8.715785,9.504665
2019-07-26 20:00:00,0.690815,1.11246,1.2386,0.66328,1.316845,0.99398,108.7045,8.720385,9.508635
2019-07-26 21:00:00,0.691335,1.11269,1.2382499999999999,0.663555,1.3166799999999999,0.993375,108.69300000000001,8.71751,9.50441
2019-07-26 22:00:00,0.691335,1.11269,1.2382499999999999,0.663555,1.3166799999999999,0.993375,108.69300000000001,8.71751,9.50441
2019-07-26 23:00:00,0.691335,1.11269,1.2382499999999999,0.663555,1.3166799999999999,0.993375,108.69300000000001,8.71751,9.50441
2019-07-27 00:00:00,0.691335,1.11269,1.2382499999999999,0.663555,1.3166799999999999,0.993375,108.69300000000001,8.71751,9.50441
2019-07-27 01:00:00,0.691335,1.11269,1.2382499999999999,0.663555,1.3166799999999999,0.993375,108.69300000000001,8.71751,9.50441
2019-07-27 02:00:00,0.691335,1.11269,1.2382499999999999,0.663555,1.3166799999999999,0.993375,108.69300000000001,8.71751,9.50441
2019-07-27 03:00:00,0.691335,1.11269,1.2382499999999999,0.663555,1.3166799999999999,0.993375,108.69300000000001,8.71751,9.50441
2019-07-27 06:00:00,0.691335,1.11269,1.2382499999999999,0.663555,1.3166799999999999,0.993375,108.69300000000001,8.71751,9.50441
2019-07-27 07:00:00,0.691335,1.11269,1.2382499999999999,0.663555,1.3166799999999999,0.993375,108.69300000000001,8.71751,9.50441
2019-07-27 08:00:00,0.691335,1.11269,1.2382499999999999,0.663555,1.3166799999999999,0.993375,108.69300000000001,8.71751,9.50441
2019-07-27 09:00:00,0.691335,1.11269,1.2382499999999999,0.663555,1.3166799999999999,0.993375,108.69300000000001,8.71751,9.50441
2019-07-27 10:00:00,0.691335,1.11269,1.2382499999999999,0.663555,1.3166799999999999,0.993375,108.69300000000001,8.71751,9.50441
2019-07-27 11:00:00,0.691335,1.11269,1.2382499999999999,0.663555,1.3166799999999999,0.993375,108.69300000000001,8.71751,9.50441
2019-07-27 12:00:00,0.691335,1.11269,1.2382499999999999,0.663555,1.3166799999999999,0.993375,108.69300000000001,8.71751,9.50441
2019-07-27 13:00:00,0.691335,1.11269,1.2382499999999999,0.663555,1.3166799999999999,0.993375,108.69300000000001,8.71751,9.50441
2019-07-27 14:00:00,0.691335,1.11269,1.2382499999999999,0.663555,1.3166799999999999,0.993375,108.69300000000001,8.71751,9.50441
2019-07-27 15:00:00,0.691335,1.11269,1.2382499999999999,0.663555,1.3166799999999999,0.993375,108.69300000000001,8.71751,9.50441
2019-07-27 17:00:00,0.691335,1.11269,1.2382499999999999,0.663555,1.3166799999999999,0.993375,108.69300000000001,8.71751,9.50441
2019-07-27 18:00:00,0.691335,1.11269,1.2382499999999999,0.663555,1.3166799999999999,0.993375,108.69300000000001,8.71751,9.50441
2019-07-27 19:00:00,0.691335,1.11269,1.2382499999999999,0.663555,1.3166799999999999,0.993375,108.69300000000001,8.71751,9.50441
2019-07-27 20:00:00,0.691335,1.11269,1.2382499999999999,0.663555,1.3166799999999999,0.993375,108.69300000000001,8.71751,9.50441
2019-07-27 21:00:00,0.691335,1.11269,1.2382499999999999,0.663555,1.3166799999999999,0.993375,108.69300000000001,8.71751,9.50441
2019-07-27 22:00:00,0.691335,1.11269,1.2382499999999999,0.663555,1.3166799999999999,0.993375,108.69300000000001,8.71751,9.50441
2019-07-27 23:00:00,0.691335,1.11269,1.2382499999999999,0.663555,1.3166799999999999,0.993375,108.69300000000001,8.71751,9.50441
2019-07-28 00:00:00,0.691335,1.11269,1.2382499999999999,0.663555,1.3166799999999999,0.993375,108.69300000000001,8.71751,9.50441
2019-07-28 01:00:00,0.691335,1.11269,1.2382499999999999,0.663555,1.3166799999999999,0.993375,108.69300000000001,8.71751,9.50441
2019-07-28 03:00:00,0.691335,1.11269,1.2382499999999999,0.663555,1.3166799999999999,0.993375,108.69300000000001,8.71751,9.50441
2019-07-28 04:00:00,0.691335,1.11269,1.2382499999999999,0.663555,1.3166799999999999,0.993375,108.69300000000001,8.71751,9.50441
2019-07-28 05:00:00,0.691335,1.11269,1.2382499999999999,0.663555,1.3166799999999999,0.993375,108.69300000000001,8.71751,9.50441
2019-07-28 06:00:00,0.691335,1.11269,1.2382499999999999,0.663555,1.3166799999999999,0.993375,108.69300000000001,8.71751,9.50441
2019-07-28 07:00:00,0.691335,1.11269,1.2382499999999999,0.663555,1.3166799999999999,0.993375,108.69300000000001,8.71751,9.50441
2019-07-28 09:00:00,0.691335,1.11269,1.2382499999999999,0.663555,1.3166799999999999,0.993375,108.69300000000001,8.71751,9.50441
2019-07-28 10:00:00,0.691335,1.11269,1.2382499999999999,0.663555,1.3166799999999999,0.993375,108.69300000000001,8.71751,9.50441
2019-07-28 11:00:00,0.691335,1.11269,1.2382499999999999,0.663555,1.3166799999999999,0.993375,108.69300000000001,8.71751,9.50441
2019-07-28 12:00:00,0.691335,1.11269,1.2382499999999999,0.663555,1.3166799999999999,0.993375,108.69300000000001,8.71751,9.50441
2019-07-28 13:00:00,0.691335,1.11269,1.2382499999999999,0.663555,1.3166799999999999,0.993375,108.69300000000001,8.71751,9.50441
2019-07-28 14:00:00,0.691335,1.11269,1.2382499999999999,0.663555,1.3166799999999999,0.993375,108.69300000000001,8.71751,9.50441
2019-07-28 15:00:00,0.691335,1.11269,1.2382499999999999,0.663555,1.3166799999999999,0.993375,108.69300000000001,8.71751,9.50441
2019-07-28 16:00:00,0.691335,1.11269,1.2382499999999999,0.663555,1.3166799999999999,0.993375,108.69300000000001,8.71751,9.50441
2019-07-28 18:00:00,0.691335,1.11269,1.2382499999999999,0.663555,1.3166799999999999,0.993375,108.69300000000001,8.71751,9.50441
2019-07-28 19:00:00,0.691335,1.11269,1.2382499999999999,0.663555,1.3166799999999999,0.993375,108.69300000000001,8.71751,9.50441
2019-07-28 20:00:00,0.691335,1.11269,1.2382499999999999,0.663555,1.3166799999999999,0.993375,108.69300000000001,8.71751,9.50441
2019-07-28 23:00:00,0.691335,1.11269,1.2382499999999999,0.663555,1.3166799999999999,0.993375,108.69300000000001,8.71751,9.50441
2019-07-29 00:00:00,0.691335,1.11269,1.2382499999999999,0.663555,1.3166799999999999,0.993375,108.69300000000001,8.71751,9.50441
2019-07-29 01:00:00,0.691335,1.11269,1.2382499999999999,0.663555,1.3166799999999999,0.993375,108.69300000000001,8.71751,9.50441
2019-07-29 02:00:00,0.691335,1.11269,1.2382499999999999,0.663555,1.3166799999999999,0.993375,108.69300000000001,8.71751,9.50441
2019-07-29 03:00:00,0.691335,1.11269,1.2382499999999999,0.663555,1.3166799999999999,0.993375,108.69300000000001,8.71751,9.50441
2019-07-29 04:00:00,0.691335,1.11269,1.2382499999999999,0.663555,1.3166799999999999,0.993375,108.69300000000001,8.71751,9.50441
2019-07-29 05:00:00,0.691335,1.11269,1.2382499999999999,0.663555,1.3166799999999999,0.993375,108.69300000000001,8.71751,9.50441
2019-07-29 07:00:00,0.691335,1.11269,1.2382499999999999,0.663555,1.3166799999999999,0.993375,108.69300000000001,8.71751,9.50441
2019-07-29 09:00:00,0.69068,1.11232,1.232545,0.6628350000000001,1.317405,0.991715,108.649,8.71664,9.498854999999999
2019-07-29 10:00:00,0.690515,1.112425,1.23349,0.66259,1.31746,0.99123,108.6325,8.717835000000001,9.50702
2019-07-29 11:00:00,0.69067,1.112425,1.2319149999999999,0.66273,1.31707,0.9918549999999999,108.6275,8.71239,9.50769
2019-07-29 12:00:00,0.6901200000000001,1.1119050000000001,1.230335,0.6622250000000001,1.3169849999999999,0.992785,108.6405,8.714715,9.50777
2019-07-29 13:00:00,0.690375,1.112335,1.2245300000000001,0.662025,1.316135,0.99226,108.6545,8.708305,9.503544999999999
2019-07-29 14:00:00,0.6904049999999999,1.11266,1.2252049999999999,0.66194,1.3161649999999998,0.991595,108.6455,8.707515,9.50493
2019-07-29 15:00:00,0.6896249999999999,1.113215,1.222775,0.6619200000000001,1.3170250000000001,0.9925649999999999,108.8305,8.70473,9.48844
2019-07-29 16:00:00,0.69075,1.114285,1.223525,0.663115,1.315145,0.991665,108.8535,8.700255,9.486715
2019-07-29 17:00:00,0.690205,1.114015,1.22181,0.662425,1.3155299999999999,0.992135,108.8485,8.705535000000001,9.48735
2019-07-29 18:00:00,0.690105,1.1142050000000001,1.22256,0.662755,1.3154,0.991545,108.8125,8.70142,9.49023
2019-07-29 19:00:00,0.690225,1.114665,1.2223000000000002,0.6629400000000001,1.31624,0.991485,108.7955,8.70181,9.48938
2019-07-29 20:00:00,0.69011,1.114665,1.22242,0.6630050000000001,1.3157649999999999,0.991395,108.78800000000001,8.696835,9.486
2019-07-29 21:00:00,0.69015,1.11446,1.221765,0.663275,1.316475,0.9915799999999999,108.78399999999999,8.696095,9.488585
2019-07-29 22:00:00,0.69018,1.11462,1.221835,0.6631750000000001,1.3162850000000001,0.9916499999999999,108.827,8.695855,9.48674
2019-07-29 23:00:00,0.690285,1.114605,1.2224249999999999,0.6632,1.316225,0.99169,108.8245,8.700569999999999,9.489419999999999
2019-07-30 00:00:00,0.689825,1.114215,1.22169,0.66292,1.31657,0.991725,108.85849999999999,8.700585,9.48707
2019-07-30 01:00:00,0.6902550000000001,1.1141649999999998,1.2210450000000002,0.663015,1.316395,0.9917050000000001,108.83449999999999,8.69966,9.488235
2019-07-30 02:00:00,0.689735,1.11381,1.216875,0.6625449999999999,1.3171149999999998,0.9917,108.807,8.702580000000001,9.491724999999999
2019-07-30 03:00:00,0.690565,1.114245,1.2172299999999998,0.6630050000000001,1.31697,0.99106,108.72,8.69791,9.488115
2019-07-30 04:00:00,0.690385,1.114295,1.2158449999999998,0.6633199999999999,1.3171400000000002,0.99127,108.6405,8.695094999999998,9.48767
2019-07-30 05:00:00,0.6901649999999999,1.113705,1.2126649999999999,0.662995,1.31737,0.9916400000000001,108.5975,8.70192,9.49195
2019-07-30 06:00:00,0.6895899999999999,1.113305,1.213055,0.6625,1.317545,0.99214,108.6235,8.709444999999999,9.518194999999999
2019-07-30 07:00:00,0.689885,1.113565,1.21468,0.662705,1.3170350000000002,0.991785,108.63749999999999,8.716280000000001,9.53175
2019-07-30 08:00:00,0.68977,1.114425,1.2164700000000002,0.66239,1.31694,0.99078,108.6425,8.718615,9.529499999999999
2019-07-30 09:00:00,0.689155,1.11468,1.21714,0.6621699999999999,1.3174899999999998,0.99048,108.5705,8.72439,9.549795
2019-07-30 10:00:00,0.68893,1.1145450000000001,1.218775,0.6620250000000001,1.317605,0.990715,108.5895,8.734314999999999,9.54278
2019-07-30 11:00:00,0.688395,1.11456,1.216885,0.661395,1.317315,0.9901500000000001,108.6175,8.736555,9.54955
2019-07-30 12:00:00,0.68862,1.115125,1.217625,0.6617500000000001,1.317265,0.989845,108.5095,8.731205,9.542575
2019-07-30 13:00:00,0.688365,1.115415,1.21704,0.66123,1.3180299999999998,0.989475,108.548,8.742185,9.55378
2019-07-30 14:00:00,0.687375,1.1149900000000001,1.21767,0.6606350000000001,1.318485,0.99088,108.57149999999999,8.75525,9.558185
2019-07-30 15:00:00,0.687315,1.113835,1.2150349999999999,0.6607000000000001,1.31791,0.9913799999999999,108.64750000000001,8.764164999999998,9.573464999999999
2019-07-30 16:00:00,0.687095,1.114735,1.214755,0.66089,1.316975,0.9907600000000001,108.65899999999999,8.757069999999999,9.569025
2019-07-30 17:00:00,0.6873549999999999,1.115215,1.2166000000000001,0.661205,1.3170000000000002,0.99064,108.62299999999999,8.752965,9.564865000000001
2019-07-30 18:00:00,0.68744,1.1153,1.216675,0.661405,1.31597,0.990495,108.6255,8.743395,9.560505
2019-07-30 19:00:00,0.687395,1.115605,1.216135,0.6614450000000001,1.3152650000000001,0.990275,108.5985,8.745429999999999,9.564445
2019-07-30 20:00:00,0.687495,1.1157650000000001,1.215785,0.66152,1.31515,0.990165,108.59899999999999,8.74577,9.565585
2019-07-30 21:00:00,0.6872,1.115475,1.2150850000000002,0.66137,1.31514,0.99033,108.602,8.750545,9.569645
2019-07-30 22:00:00,0.68736,1.1156000000000001,1.215175,0.6613549999999999,1.31529,0.9901599999999999,108.59049999999999,8.747615,9.56483
2019-07-30 23:00:00,0.68748,1.115825,1.2162000000000002,0.66145,1.3149600000000001,0.9900599999999999,108.6,8.762055,9.567675000000001
2019-07-31 00:00:00,0.68747,1.115695,1.21578,0.6616599999999999,1.314915,0.9900100000000001,108.56649999999999,8.75676,9.56606
2019-07-31 01:00:00,0.686895,1.115355,1.21527,0.6610050000000001,1.314125,0.990205,108.6395,8.76287,9.569575
2019-07-31 02:00:00,0.688395,1.1153,1.215475,0.659645,1.313855,0.99046,108.54400000000001,8.759920000000001,9.566690000000001
2019-07-31 03:00:00,0.688545,1.115305,1.215365,0.65908,1.31373,0.9903550000000001,108.5575,8.758555000000001,9.56721
2019-07-31 04:00:00,0.689195,1.115415,1.215275,0.6596,1.31412,0.99101,108.5705,8.757855,9.563849999999999
2019-07-31 05:00:00,0.68971,1.1155249999999999,1.21585,0.6597299999999999,1.31412,0.99117,108.541,8.752704999999999,9.565135000000001
2019-07-31 06:00:00,0.6893199999999999,1.11571,1.21616,0.65981,1.313965,0.991245,108.5635,8.75067,9.565484999999999
2019-07-31 07:00:00,0.689365,1.115445,1.21597,0.66058,1.313985,0.99039,108.539,8.753219999999999,9.562925
2019-07-31 08:00:00,0.6887449999999999,1.1152549999999999,1.2164700000000002,0.6604000000000001,1.314485,0.9904200000000001,108.5575,8.75985,9.564535
2019-07-31 09:00:00,0.6894100000000001,1.11443,1.21587,0.6608350000000001,1.315095,0.990755,108.5715,8.764875,9.570170000000001
2019-07-31 10:00:00,0.6894100000000001,1.114625,1.2169050000000001,0.6611750000000001,1.31486,0.9904999999999999,108.5555,8.771225,9.57122
2019-07-31 11:00:00,0.6895450000000001,1.11468,1.21659,0.66092,1.314895,0.989905,108.5635,8.775970000000001,9.569215
2019-07-31 12:00:00,0.6893199999999999,1.115035,1.2175150000000001,0.660705,1.314825,0.990325,108.5675,8.77076,9.568355
2019-07-31 13:00:00,0.689195,1.115105,1.218725,0.6603950000000001,1.312715,0.989345,108.5575,8.760365,9.555225
2019-07-31 14:00:00,0.688385,1.114195,1.22279,0.65936,1.312975,0.990615,108.5955,8.777845,9.57462
2019-07-31 15:00:00,0.689495,1.113385,1.22457,0.66005,1.31315,0.9898100000000001,108.5755,8.7813,9.591854999999999
2019-07-31 16:00:00,0.688705,1.112975,1.2219600000000002,0.6597500000000001,1.314355,0.990335,108.5885,8.782135,9.594135000000001
2019-07-31 17:00:00,0.688115,1.112885,1.221395,0.6591899999999999,1.31491,0.98994,108.5925,8.782495,9.593885
2019-07-31 18:00:00,0.688955,1.1138,1.22371,0.6603399999999999,1.313215,0.98867,108.55449999999999,8.770019999999999,9.581479999999999
2019-07-31 19:00:00,0.683945,1.108415,1.21616,0.6558200000000001,1.31985,0.99346,108.78999999999999,8.849855000000002,9.668635
2019-07-31 20:00:00,0.68379,1.1069849999999999,1.21605,0.65661,1.3198750000000001,0.99427,108.7855,8.85359,9.659955
2019-07-31 21:00:00,0.684515,1.10754,1.21631,0.655605,1.31907,0.994,108.773,8.8596,9.664000000000001
2019-07-31 22:00:00,0.684465,1.10732,1.21521,0.656015,1.31897,0.99398,108.7755,8.861795,9.663969999999999
2019-07-31 23:00:00,0.68491,1.107925,1.2159849999999999,0.6561250000000001,1.3187950000000002,0.9934149999999999,108.7445,8.853745,9.657734999999999
2019-08-01 00:00:00,0.684525,1.1071849999999999,1.215375,0.6551100000000001,1.3195649999999999,0.9941800000000001,108.82300000000001,8.85993,9.664895000000001
2019-08-01 01:00:00,0.6834,1.104155,1.210925,0.654215,1.32159,0.9969399999999999,109.2555,8.88926,9.691009999999999
2019-08-01 02:00:00,0.6849350000000001,1.104945,1.21312,0.6552899999999999,1.3206600000000002,0.996645,109.211,8.881225,9.6802
2019-08-01 03:00:00,0.685325,1.104945,1.2128649999999999,0.655655,1.3205550000000001,0.996565,109.1425,8.873650000000001,9.68079
2019-08-01 04:00:00,0.684885,1.104575,1.2125650000000001,0.65555,1.3211300000000001,0.996885,109.2385,8.875555,9.68327
2019-08-01 05:00:00,0.684965,1.105295,1.212985,0.6557900000000001,1.32092,0.9961,109.1845,8.87329,9.677299999999999
2019-08-01 06:00:00,0.6849149999999999,1.105165,1.212685,0.655585,1.321065,0.996415,109.178,8.872435,9.684574999999999
2019-08-01 07:00:00,0.6845049999999999,1.104155,1.212585,0.6553,1.321785,0.996495,109.1725,8.884305,9.690764999999999
2019-08-01 08:00:00,0.6844250000000001,1.103275,1.21097,0.6551,1.3222450000000001,0.996705,109.1425,8.885860000000001,9.683435
2019-08-01 09:00:00,0.6852849999999999,1.104735,1.211225,0.6560699999999999,1.3219400000000001,0.9949749999999999,109.0835,8.874044999999999,9.663805
2019-08-01 10:00:00,0.685235,1.1039349999999999,1.2098499999999999,0.656755,1.32172,0.994985,109.08449999999999,8.868875,9.66365
2019-08-01 11:00:00,0.684605,1.103365,1.210335,0.656095,1.3222399999999999,0.995745,108.9855,8.882565,9.674119999999998
2019-08-01 12:00:00,0.683995,1.10345,1.2115900000000002,0.655135,1.3222900000000002,0.995325,108.9235,8.890025000000001,9.682005
2019-08-01 13:00:00,0.683535,1.102975,1.2094399999999998,0.6544300000000001,1.323205,0.99614,108.6445,8.893745,9.68679
2019-08-01 14:00:00,0.684085,1.1046399999999998,1.21075,0.65479,1.324185,0.994845,108.453,8.889914999999998,9.681725
2019-08-01 15:00:00,0.684945,1.105795,1.215455,0.656175,1.320885,0.994405,108.1825,8.87736,9.666265
2019-08-01 16:00:00,0.6857500000000001,1.10608,1.2144300000000001,0.656315,1.320545,0.9938549999999999,108.2895,8.872135,9.65103
2019-08-01 17:00:00,0.686625,1.106835,1.21447,0.6574450000000001,1.318545,0.992505,108.1365,8.86248,9.639955
2019-08-01 18:00:00,0.682005,1.108275,1.215855,0.65618,1.3201450000000001,0.990085,107.4575,8.885755,9.650220000000001
2019-08-01 19:00:00,0.680445,1.108545,1.214995,0.65545,1.32378,0.989885,107.3385,8.898285000000001,9.661375
2019-08-01 20:00:00,0.68035,1.109275,1.2150150000000002,0.65636,1.32184,0.98948,107.28800000000001,8.894195,9.65555
2019-08-01 21:00:00,0.680145,1.108495,1.213075,0.6556850000000001,1.321145,0.990345,107.3435,8.88797,9.655439999999999
2019-08-01 22:00:00,0.67973,1.1083500000000002,1.211885,0.655935,1.3210600000000001,0.99013,107.335,8.894775,9.662469999999999
2019-08-01 23:00:00,0.6802950000000001,1.1078700000000001,1.21218,0.655115,1.32134,0.990555,107.5155,8.898140000000001,9.66004
2019-08-02 00:00:00,0.680185,1.107885,1.212385,0.65526,1.32138,0.990035,107.4455,8.895579999999999,9.65963
2019-08-02 01:00:00,0.680785,1.10892,1.2140499999999999,0.655635,1.3219400000000001,0.9881249999999999,107.1235,8.88457,9.651250000000001
2019-08-02 02:00:00,0.68153,1.108895,1.21184,0.6547400000000001,1.32157,0.98876,107.1255,8.8842,9.65216
2019-08-02 03:00:00,0.680855,1.1075249999999999,1.21067,0.654005,1.32214,0.988755,107.0655,8.890274999999999,9.662775
2019-08-02 04:00:00,0.6806099999999999,1.107395,1.209185,0.6538200000000001,1.321995,0.989275,107.0475,8.891645,9.66368
2019-08-02 05:00:00,0.680975,1.108255,1.210845,0.65403,1.32164,0.988775,107.0685,8.88437,9.65773
2019-08-02 06:00:00,0.68117,1.10793,1.2110699999999999,0.65376,1.322335,0.98917,107.119,8.887875000000001,9.659175
2019-08-02 07:00:00,0.68157,1.10866,1.2113200000000002,0.654325,1.3216700000000001,0.9882949999999999,106.9375,8.892800000000001,9.6482
2019-08-02 08:00:00,0.6804950000000001,1.111355,1.213105,0.653335,1.321785,0.98553,106.9165,8.912804999999999,9.650445000000001
2019-08-05 11:00:00,0.6764950000000001,1.11706,1.216555,0.651875,1.322975,0.97448,106.1075,8.92557,9.627925000000001
2019-08-05 12:00:00,0.6768449999999999,1.11799,1.2162950000000001,0.6522,1.32138,0.9744900000000001,106.09100000000001,8.915915,9.62155
2019-08-05 13:00:00,0.6767099999999999,1.117705,1.216755,0.652365,1.321835,0.97492,106.0975,8.92527,9.630714999999999
2019-08-05 14:00:00,0.677585,1.118095,1.216445,0.653485,1.31996,0.97563,106.0795,8.928055,9.632475
2019-08-05 15:00:00,0.677515,1.118525,1.21417,0.653275,1.32124,0.97382,106.0685,8.933589999999999,9.631345
2019-08-05 16:00:00,0.67794,1.119675,1.216355,0.6538200000000001,1.31967,0.97212,106.0435,8.91988,9.611835
2019-08-05 17:00:00,0.677655,1.121095,1.21555,0.6542300000000001,1.31866,0.97203,105.9025,8.916245,9.602385
2019-08-05 18:00:00,0.677145,1.1204399999999999,1.21481,0.6539349999999999,1.3196050000000001,0.97366,106.04050000000001,8.929345000000001,9.610045
2019-08-05 19:00:00,0.675925,1.1202999999999999,1.2142650000000001,0.6534,1.32198,0.97365,106.02199999999999,8.934495,9.60567
2019-08-05 20:00:00,0.676525,1.119685,1.214235,0.653655,1.32128,0.97403,106.16,8.935555,9.60605
2019-08-05 21:00:00,0.67575,1.120305,1.214055,0.6528050000000001,1.3213849999999998,0.97344,105.951,8.92832,9.604445
2019-08-05 22:00:00,0.675405,1.121425,1.214295,0.651195,1.321195,0.972135,105.638,8.921945000000001,9.600355
2019-08-05 23:00:00,0.676465,1.122495,1.215705,0.6574,1.32132,0.971615,105.66550000000001,8.923265,9.581675
2019-08-06 00:00:00,0.6762600000000001,1.124205,1.215675,0.655715,1.321475,0.97063,105.6105,8.913855,9.57546
2019-08-06 01:00:00,0.6769700000000001,1.124285,1.2156850000000001,0.655625,1.3210600000000001,0.9710449999999999,105.8475,8.911314999999998,9.573805
2019-08-06 02:00:00,0.678085,1.122585,1.2147000000000001,0.6557,1.3195649999999999,0.972655,106.22,8.90138,9.579915
2019-08-06 03:00:00,0.67882,1.12279,1.21645,0.655795,1.31929,0.9728600000000001,106.161,8.900795,9.579545
2019-08-06 04:00:00,0.679015,1.121225,1.216135,0.65486,1.319035,0.97359,106.501,8.906095,9.582365
2019-08-06 05:00:00,0.67763,1.120285,1.2160250000000001,0.65295,1.31941,0.9743999999999999,106.6825,8.91162,9.595035
2019-08-06 06:00:00,0.6783950000000001,1.1197249999999999,1.2141549999999999,0.65276,1.319435,0.9754849999999999,106.6725,8.913085,9.602425
2019-08-06 07:00:00,0.678785,1.1204100000000001,1.215725,0.65418,1.320375,0.97525,106.5055,8.904160000000001,9.592590000000001
2019-08-06 08:00:00,0.679505,1.121415,1.218355,0.65442,1.31941,0.973795,106.3745,8.894425,9.585875
2019-08-06 09:00:00,0.678945,1.119905,1.21828,0.65476,1.31972,0.97447,106.4175,8.901905,9.603095
2019-08-06 10:00:00,0.678825,1.12013,1.2206350000000001,0.655065,1.3197100000000002,0.974505,106.39150000000001,8.901164999999999,9.593925
2019-08-06 11:00:00,0.678695,1.120245,1.218605,0.654845,1.319615,0.974765,106.3395,8.900435,9.593145
2019-08-06 12:00:00,0.6792750000000001,1.118475,1.21773,0.655265,1.32187,0.9761200000000001,106.5485,8.90176,9.591709999999999
2019-08-06 13:00:00,0.6786449999999999,1.117975,1.21713,0.653845,1.323415,0.9767699999999999,106.4135,8.91104,9.604334999999999
2019-08-06 14:00:00,0.678605,1.117345,1.21813,0.653795,1.3228149999999999,0.978815,106.524,8.912075000000002,9.598195
2019-08-06 15:00:00,0.6773450000000001,1.11828,1.21672,0.6531,1.3224550000000002,0.97827,106.40350000000001,8.90802,9.593215
2019-08-06 16:00:00,0.6768700000000001,1.119635,1.21482,0.652875,1.3252899999999999,0.97824,106.4505,8.909514999999999,9.588325000000001
2019-08-06 17:00:00,0.676175,1.11977,1.21501,0.6522600000000001,1.3278050000000001,0.9765,106.4175,8.91501,9.59477
2019-08-06 18:00:00,0.675455,1.119465,1.214315,0.6517200000000001,1.3289849999999999,0.977025,106.4645,8.912785,9.59417
2019-08-06 19:00:00,0.675635,1.1200700000000001,1.21526,0.652295,1.3280500000000002,0.976895,106.524,8.905664999999999,9.590119999999999
2019-08-06 20:00:00,0.67595,1.119755,1.216215,0.652825,1.32734,0.97664,106.54599999999999,8.905045000000001,9.586030000000001
2019-08-06 21:00:00,0.675975,1.1197650000000001,1.2166649999999999,0.65228,1.32832,0.976515,106.4725,8.90835,9.588215000000002
2019-08-06 22:00:00,0.67607,1.1201150000000002,1.21673,0.652925,1.327815,0.9760800000000001,106.4385,8.904029999999999,9.582675
2019-08-06 23:00:00,0.676205,1.120155,1.21657,0.65281,1.32823,0.9756549999999999,106.3865,8.905149999999999,9.57734
2019-08-07 00:00:00,0.67624,1.120535,1.21704,0.653075,1.32815,0.9758800000000001,106.33099999999999,8.901625,9.574155000000001
2019-08-07 01:00:00,0.67692,1.120915,1.21814,0.653945,1.32781,0.97569,106.2585,8.89726,9.570260000000001
2019-08-07 02:00:00,0.6782,1.121405,1.21836,0.654665,1.3271600000000001,0.97448,106.21199999999999,8.89227,9.57207
2019-08-07 03:00:00,0.6725000000000001,1.120965,1.216715,0.643525,1.330435,0.975525,106.1045,8.907505,9.582905
2019-08-07 04:00:00,0.6700200000000001,1.121445,1.2159849999999999,0.639985,1.330495,0.97583,106.0645,8.9115,9.589425
2019-08-07 05:00:00,0.6697,1.121145,1.21699,0.63967,1.329535,0.975815,106.09649999999999,8.912025,9.58779
2019-08-07 06:00:00,0.671625,1.120655,1.216125,0.640945,1.32903,0.97641,106.20599999999999,8.906425,9.58887
2019-08-07 07:00:00,0.671155,1.1198649999999999,1.21555,0.63983,1.330695,0.9763299999999999,106.2985,8.914845,9.600525000000001
2019-08-07 08:00:00,0.6722950000000001,1.118955,1.2160600000000001,0.6413800000000001,1.329115,0.9782599999999999,106.2995,8.915420000000001,9.59024
2019-08-07 09:00:00,0.6727799999999999,1.119035,1.2144149999999998,0.6424700000000001,1.329185,0.97787,106.2325,8.91848,9.609135
2019-08-07 10:00:00,0.673635,1.1185100000000001,1.2140900000000001,0.6442749999999999,1.3287200000000001,0.978945,106.2655,8.910129999999999,9.597265
2019-08-07 11:00:00,0.673285,1.11846,1.213575,0.643545,1.329565,0.97902,106.2065,8.91499,9.606705
2019-08-07 12:00:00,0.6736599999999999,1.119845,1.2144,0.6432599999999999,1.330325,0.975905,105.8785,8.910855,9.605635
2019-08-07 13:00:00,0.672775,1.120725,1.213435,0.642815,1.333815,0.974955,105.8245,8.923459999999999,9.609295
2019-08-07 14:00:00,0.674005,1.123465,1.21624,0.644345,1.3324,0.9721850000000001,105.6935,8.959755000000001,9.618224999999999
2019-08-07 15:00:00,0.675665,1.121585,1.21509,0.645845,1.330785,0.973325,105.7615,8.969175,9.632760000000001
2019-08-07 16:00:00,0.675295,1.1235249999999999,1.215705,0.6461,1.3330950000000001,0.97095,105.6275,8.966370000000001,9.62963
2019-08-07 17:00:00,0.6761250000000001,1.122715,1.215535,0.645775,1.333045,0.971785,105.8155,8.967455000000001,9.627984999999999
2019-08-07 18:00:00,0.676245,1.12167,1.2149,0.6455150000000001,1.33283,0.9733400000000001,106.00450000000001,8.973595,9.637905
2019-08-07 19:00:00,0.676705,1.1214499999999998,1.2144300000000001,0.6464000000000001,1.3314949999999999,0.973725,106.10849999999999,8.958504999999999,9.6291
2019-08-07 20:00:00,0.67631,1.12039,1.21427,0.6454949999999999,1.33053,0.975225,106.2305,8.953075,9.63768
2019-08-07 21:00:00,0.67567,1.119895,1.214435,0.64456,1.330225,0.975445,106.27250000000001,8.953165,9.618795
2019-08-07 22:00:00,0.67607,1.120145,1.214335,0.6445449999999999,1.33068,0.9749099999999999,106.221,8.956119999999999,9.62924
2019-08-07 23:00:00,0.676245,1.12052,1.21431,0.6447050000000001,1.330745,0.974825,106.1175,8.949964999999999,9.631
2019-08-08 00:00:00,0.67574,1.120425,1.214045,0.6449149999999999,1.331405,0.974955,106.1125,8.9515,9.63058
2019-08-08 01:00:00,0.67574,1.121025,1.215185,0.644835,1.330325,0.974715,106.02600000000001,8.946845,9.62679
2019-08-08 02:00:00,0.67821,1.1207349999999998,1.2163599999999999,0.646395,1.32767,0.975385,106.299,8.93228,9.62112
2019-08-08 03:00:00,0.6777299999999999,1.121005,1.21736,0.6462749999999999,1.328395,0.975025,106.14699999999999,8.931035,9.620025
2019-08-08 04:00:00,0.677415,1.12104,1.216515,0.645825,1.32763,0.975545,106.238,8.930585,9.618215
2019-08-08 05:00:00,0.67719,1.1209850000000001,1.2159149999999999,0.645775,1.327965,0.975555,106.15450000000001,8.931294999999999,9.618960000000001
2019-08-08 06:00:00,0.6775249999999999,1.121225,1.2162899999999999,0.64588,1.32803,0.975425,106.1315,8.929665,9.618665
2019-08-08 07:00:00,0.67686,1.120655,1.216155,0.6452899999999999,1.328615,0.975275,106.15950000000001,8.93087,9.623895000000001
2019-08-08 08:00:00,0.6780349999999999,1.1216949999999999,1.217195,0.646265,1.3282150000000001,0.974975,106.1045,8.93429,9.61903
2019-08-08 09:00:00,0.678145,1.121465,1.215835,0.646065,1.3287550000000001,0.97495,106.1275,8.936895,9.615404999999999
2019-08-08 10:00:00,0.67849,1.1211799999999998,1.216105,0.645615,1.328805,0.975275,106.1075,8.932765,9.603815
2019-08-08 11:00:00,0.678345,1.120055,1.21526,0.6453450000000001,1.3305,0.976015,106.0925,8.951705,9.60539
2019-08-08 12:00:00,0.67862,1.1187900000000002,1.21429,0.645065,1.33005,0.975915,105.9875,8.950800000000001,9.610825
2019-08-08 13:00:00,0.678975,1.12054,1.211665,0.645875,1.329645,0.97648,106.1045,8.942409999999999,9.598035
2019-08-08 14:00:00,0.680685,1.119645,1.21239,0.64822,1.327975,0.97828,106.1195,8.94189,9.591495
2019-08-08 15:00:00,0.6797949999999999,1.120075,1.2134200000000002,0.647205,1.3278400000000001,0.9776549999999999,106.2165,8.945515,9.592815
2019-08-08 16:00:00,0.681075,1.1206749999999999,1.213685,0.648095,1.3242150000000001,0.975185,106.05199999999999,8.922039999999999,9.57976
2019-08-08 17:00:00,0.6811149999999999,1.120505,1.2137950000000002,0.64819,1.324255,0.975835,106.21549999999999,8.9154,9.579195
2019-08-08 18:00:00,0.681025,1.12004,1.21393,0.6483749999999999,1.323625,0.975385,106.10650000000001,8.91465,9.581479999999999
2019-08-08 19:00:00,0.68052,1.118515,1.213305,0.64812,1.323885,0.9751799999999999,105.97200000000001,8.925450000000001,9.58869
2019-08-08 20:00:00,0.680685,1.1187200000000002,1.213995,0.648175,1.32275,0.9744999999999999,106.0075,8.92653,9.593305
2019-08-08 21:00:00,0.680285,1.11805,1.2134649999999998,0.6479250000000001,1.32275,0.97481,106.0745,8.9306,9.60017
2019-08-08 22:00:00,0.679925,1.11935,1.214125,0.6476949999999999,1.32348,0.973685,105.866,8.92039,9.58529
2019-08-08 23:00:00,0.6799949999999999,1.11857,1.2141600000000001,0.6489050000000001,1.323285,0.9741,105.845,8.930375000000002,9.59979
2019-08-09 00:00:00,0.681005,1.11863,1.214295,0.648485,1.32301,0.97407,105.88900000000001,8.9259,9.59536
2019-08-09 01:00:00,0.681175,1.119285,1.214035,0.6484000000000001,1.322945,0.9741249999999999,105.95949999999999,8.92038,9.59103
2019-08-09 02:00:00,0.6808700000000001,1.1194250000000001,1.21374,0.64852,1.32159,0.9739450000000001,105.9875,8.92028,9.590425
2019-08-09 03:00:00,0.68082,1.119635,1.213865,0.6491450000000001,1.321605,0.97375,106.0145,8.921524999999999,9.58848
2019-08-09 04:00:00,0.680585,1.119615,1.2136200000000001,0.648855,1.3219400000000001,0.97375,105.99600000000001,8.926115,9.590045
2019-08-09 05:00:00,0.68079,1.11951,1.2134749999999999,0.64899,1.32232,0.97404,105.99350000000001,8.926475,9.592185
2019-08-09 06:00:00,0.680885,1.119625,1.21399,0.6493899999999999,1.32237,0.973965,105.90700000000001,8.919715,9.59242
2019-08-09 07:00:00,0.681595,1.118695,1.213135,0.649705,1.322165,0.974445,105.8965,8.914565,9.57976
2019-08-09 08:00:00,0.68075,1.118765,1.2130999999999998,0.6488499999999999,1.322195,0.9751799999999999,105.9485,8.918755,9.573554999999999
2019-08-09 09:00:00,0.680535,1.1194549999999999,1.2117,0.64836,1.322235,0.9742200000000001,105.9085,8.919315000000001,9.57658
2019-08-09 10:00:00,0.680985,1.120395,1.211115,0.649105,1.3226,0.9730300000000001,105.8275,8.913355,9.567945
2019-08-09 11:00:00,0.6808350000000001,1.120555,1.20925,0.648935,1.3222999999999998,0.97297,105.7655,8.901145,9.566614999999999
2019-08-09 12:00:00,0.68067,1.120355,1.20729,0.6489,1.321875,0.97308,105.7745,8.901215,9.564250000000001
2019-08-09 13:00:00,0.681245,1.120165,1.2074,0.649215,1.3255249999999998,0.972185,105.7235,8.86862,9.535335
2019-08-09 14:00:00,0.68065,1.119315,1.206625,0.64842,1.32157,0.97391,105.7985,8.870460000000001,9.544834999999999
2019-08-09 15:00:00,0.680175,1.120115,1.20774,0.6484449999999999,1.32406,0.97376,105.66550000000001,8.882729999999999,9.551815
2019-08-09 16:00:00,0.679565,1.122115,1.208305,0.647815,1.32277,0.97115,105.3005,8.879024999999999,9.53969
2019-08-09 17:00:00,0.6793100000000001,1.121125,1.2071649999999998,0.64698,1.322435,0.972345,105.541,8.88158,9.552775
2019-08-09 18:00:00,0.67967,1.120415,1.206325,0.64693,1.32126,0.97328,105.572,8.868155,9.54572
2019-08-09 19:00:00,0.67917,1.120705,1.205445,0.6464799999999999,1.3207550000000001,0.972215,105.578,8.87183,9.54514
2019-08-09 20:00:00,0.67835,1.1202800000000002,1.202885,0.646205,1.3208199999999999,0.9727600000000001,105.604,8.879035,9.549325
2019-08-09 21:00:00,0.6788350000000001,1.119895,1.2023,0.6467849999999999,1.322225,0.97265,105.67699999999999,8.87943,9.54435
2019-08-09 22:00:00,0.6788350000000001,1.119895,1.2023,0.6467849999999999,1.322225,0.97265,105.67699999999999,8.87943,9.54435
2019-08-10 00:00:00,0.6788350000000001,1.119895,1.2023,0.6467849999999999,1.322225,0.97265,105.67699999999999,8.87943,9.54435
2019-08-10 01:00:00,0.6788350000000001,1.119895,1.2023,0.6467849999999999,1.322225,0.97265,105.67699999999999,8.87943,9.54435
2019-08-10 03:00:00,0.6788350000000001,1.119895,1.2023,0.6467849999999999,1.322225,0.97265,105.67699999999999,8.87943,9.54435
2019-08-10 05:00:00,0.6788350000000001,1.119895,1.2023,0.6467849999999999,1.322225,0.97265,105.67699999999999,8.87943,9.54435
2019-08-10 08:00:00,0.6788350000000001,1.119895,1.2023,0.6467849999999999,1.322225,0.97265,105.67699999999999,8.87943,9.54435
2019-08-10 10:00:00,0.6788350000000001,1.119895,1.2023,0.6467849999999999,1.322225,0.97265,105.67699999999999,8.87943,9.54435
2019-08-10 11:00:00,0.6788350000000001,1.119895,1.2023,0.6467849999999999,1.322225,0.97265,105.67699999999999,8.87943,9.54435
2019-08-10 12:00:00,0.6788350000000001,1.119895,1.2023,0.6467849999999999,1.322225,0.97265,105.67699999999999,8.87943,9.54435
2019-08-10 13:00:00,0.6788350000000001,1.119895,1.2023,0.6467849999999999,1.322225,0.97265,105.67699999999999,8.87943,9.54435
2019-08-10 14:00:00,0.6788350000000001,1.119895,1.2023,0.6467849999999999,1.322225,0.97265,105.67699999999999,8.87943,9.54435
2019-08-10 15:00:00,0.6788350000000001,1.119895,1.2023,0.6467849999999999,1.322225,0.97265,105.67699999999999,8.87943,9.54435
2019-08-10 16:00:00,0.6788350000000001,1.119895,1.2023,0.6467849999999999,1.322225,0.97265,105.67699999999999,8.87943,9.54435
2019-08-10 17:00:00,0.6788350000000001,1.119895,1.2023,0.6467849999999999,1.322225,0.97265,105.67699999999999,8.87943,9.54435
2019-08-10 18:00:00,0.6788350000000001,1.119895,1.2023,0.6467849999999999,1.322225,0.97265,105.67699999999999,8.87943,9.54435
2019-08-10 19:00:00,0.6788350000000001,1.119895,1.2023,0.6467849999999999,1.322225,0.97265,105.67699999999999,8.87943,9.54435
2019-08-10 20:00:00,0.6788350000000001,1.119895,1.2023,0.6467849999999999,1.322225,0.97265,105.67699999999999,8.87943,9.54435
2019-08-10 21:00:00,0.6788350000000001,1.119895,1.2023,0.6467849999999999,1.322225,0.97265,105.67699999999999,8.87943,9.54435
2019-08-10 22:00:00,0.6788350000000001,1.119895,1.2023,0.6467849999999999,1.322225,0.97265,105.67699999999999,8.87943,9.54435
2019-08-10 23:00:00,0.6788350000000001,1.119895,1.2023,0.6467849999999999,1.322225,0.97265,105.67699999999999,8.87943,9.54435
2019-08-11 00:00:00,0.6788350000000001,1.119895,1.2023,0.6467849999999999,1.322225,0.97265,105.67699999999999,8.87943,9.54435
2019-08-11 01:00:00,0.6788350000000001,1.119895,1.2023,0.6467849999999999,1.322225,0.97265,105.67699999999999,8.87943,9.54435
2019-08-11 02:00:00,0.6788350000000001,1.119895,1.2023,0.6467849999999999,1.322225,0.97265,105.67699999999999,8.87943,9.54435
2019-08-11 03:00:00,0.6788350000000001,1.119895,1.2023,0.6467849999999999,1.322225,0.97265,105.67699999999999,8.87943,9.54435
2019-08-11 04:00:00,0.6788350000000001,1.119895,1.2023,0.6467849999999999,1.322225,0.97265,105.67699999999999,8.87943,9.54435
2019-08-11 05:00:00,0.6788350000000001,1.119895,1.2023,0.6467849999999999,1.322225,0.97265,105.67699999999999,8.87943,9.54435
2019-08-11 06:00:00,0.6788350000000001,1.119895,1.2023,0.6467849999999999,1.322225,0.97265,105.67699999999999,8.87943,9.54435
2019-08-11 07:00:00,0.6788350000000001,1.119895,1.2023,0.6467849999999999,1.322225,0.97265,105.67699999999999,8.87943,9.54435
2019-08-11 08:00:00,0.6788350000000001,1.119895,1.2023,0.6467849999999999,1.322225,0.97265,105.67699999999999,8.87943,9.54435
2019-08-11 09:00:00,0.6788350000000001,1.119895,1.2023,0.6467849999999999,1.322225,0.97265,105.67699999999999,8.87943,9.54435
2019-08-11 10:00:00,0.6788350000000001,1.119895,1.2023,0.6467849999999999,1.322225,0.97265,105.67699999999999,8.87943,9.54435
2019-08-11 11:00:00,0.6788350000000001,1.119895,1.2023,0.6467849999999999,1.322225,0.97265,105.67699999999999,8.87943,9.54435
2019-08-11 12:00:00,0.6788350000000001,1.119895,1.2023,0.6467849999999999,1.322225,0.97265,105.67699999999999,8.87943,9.54435
2019-08-11 13:00:00,0.6788350000000001,1.119895,1.2023,0.6467849999999999,1.322225,0.97265,105.67699999999999,8.87943,9.54435
2019-08-11 14:00:00,0.6788350000000001,1.119895,1.2023,0.6467849999999999,1.322225,0.97265,105.67699999999999,8.87943,9.54435
2019-08-11 17:00:00,0.6788350000000001,1.119895,1.2023,0.6467849999999999,1.322225,0.97265,105.67699999999999,8.87943,9.54435
2019-08-11 20:00:00,0.6788350000000001,1.119895,1.2023,0.6467849999999999,1.322225,0.97265,105.67699999999999,8.87943,9.54435
2019-08-11 22:00:00,0.6788350000000001,1.119895,1.2023,0.6467849999999999,1.322225,0.97265,105.67699999999999,8.87943,9.54435
2019-08-12 00:00:00,0.6788350000000001,1.119895,1.2023,0.6467849999999999,1.322225,0.97265,105.67699999999999,8.87943,9.54435
2019-08-12 02:00:00,0.6788350000000001,1.119895,1.2023,0.6467849999999999,1.322225,0.97265,105.67699999999999,8.87943,9.54435
2019-08-12 04:00:00,0.6788350000000001,1.119895,1.2023,0.6467849999999999,1.322225,0.97265,105.67699999999999,8.87943,9.54435
2019-08-12 05:00:00,0.6788350000000001,1.119895,1.2023,0.6467849999999999,1.322225,0.97265,105.67699999999999,8.87943,9.54435
2019-08-12 07:00:00,0.6788350000000001,1.119895,1.2023,0.6467849999999999,1.322225,0.97265,105.67699999999999,8.87943,9.54435
2019-08-12 09:00:00,0.6763250000000001,1.1175950000000001,1.2065199999999998,0.64532,1.323585,0.97393,105.2795,8.936665000000001,9.5913
2019-08-12 10:00:00,0.675395,1.1185049999999999,1.206655,0.64497,1.3236599999999998,0.972715,105.1735,8.934825,9.591775
2019-08-12 11:00:00,0.675195,1.119735,1.208735,0.645105,1.3238349999999999,0.971545,105.1275,8.939735,9.58704
2019-08-12 12:00:00,0.6745749999999999,1.118875,1.208225,0.6448050000000001,1.323745,0.97234,105.13550000000001,8.938085000000001,9.596315
2019-08-12 13:00:00,0.6754,1.120955,1.2097600000000002,0.6454949999999999,1.3220450000000001,0.971235,105.20949999999999,8.916535,9.581335
2019-08-12 14:00:00,0.675335,1.121795,1.20964,0.645775,1.3218649999999998,0.971175,105.3145,8.91012,9.57032
2019-08-12 15:00:00,0.67596,1.121825,1.208355,0.64655,1.323635,0.9700599999999999,105.30250000000001,8.907075,9.57171
2019-08-12 16:00:00,0.6755500000000001,1.121075,1.206975,0.6455649999999999,1.323255,0.9698199999999999,105.39750000000001,8.91432,9.572825
2019-08-12 17:00:00,0.67545,1.121225,1.20776,0.64479,1.323245,0.970425,105.3325,8.915245,9.575714999999999
2019-08-12 18:00:00,0.675065,1.1213950000000001,1.207535,0.6445050000000001,1.32419,0.9698249999999999,105.3195,8.91646,9.570015000000001
2019-08-12 19:00:00,0.675435,1.12203,1.207855,0.64479,1.324345,0.9688,105.277,8.9171,9.56361
2019-08-12 20:00:00,0.675245,1.12127,1.207525,0.64472,1.324015,0.96947,105.3135,8.92053,9.56483
2019-08-12 21:00:00,0.675015,1.1213799999999998,1.207605,0.645025,1.324045,0.96925,105.3045,8.917025,9.562215
2019-08-12 22:00:00,0.6750750000000001,1.1216,1.208425,0.644565,1.323935,0.9688749999999999,105.2145,8.910355,9.55941
2019-08-12 23:00:00,0.6751,1.1214499999999998,1.2078250000000001,0.64428,1.3237800000000002,0.96924,105.2815,8.91563,9.56172
2019-08-13 00:00:00,0.6756150000000001,1.1216300000000001,1.2078799999999998,0.644755,1.323705,0.9692449999999999,105.3845,8.909614999999999,9.559165
2019-08-13 01:00:00,0.675585,1.12061,1.20731,0.644635,1.3242699999999998,0.96991,105.393,8.91639,9.563234999999999
2019-08-13 02:00:00,0.675905,1.12092,1.20756,0.64537,1.323975,0.969565,105.332,8.914570000000001,9.561885
2019-08-13 03:00:00,0.6760900000000001,1.119125,1.206855,0.645015,1.324405,0.972315,105.5125,8.926505,9.575305
2019-08-13 04:00:00,0.67596,1.118875,1.206455,0.6447350000000001,1.32454,0.97236,105.47,8.92491,9.570505
2019-08-13 05:00:00,0.675735,1.1189900000000002,1.20663,0.644535,1.3244799999999999,0.97222,105.4265,8.92233,9.569325
2019-08-13 06:00:00,0.676375,1.119345,1.20682,0.645005,1.32432,0.971525,105.39099999999999,8.919754999999999,9.56883
2019-08-13 07:00:00,0.676005,1.11932,1.2054399999999998,0.644805,1.32498,0.971235,105.29050000000001,8.923655,9.578724999999999
2019-08-13 08:00:00,0.67579,1.119235,1.206305,0.644305,1.32609,0.97077,105.1945,8.935565,9.578845
2019-08-13 09:00:00,0.67655,1.1191749999999998,1.20658,0.6449499999999999,1.325405,0.9713050000000001,105.2975,8.93044,9.56673
2019-08-13 10:00:00,0.6764399999999999,1.1205699999999998,1.2071999999999998,0.645025,1.326065,0.96865,105.1385,8.932275,9.561375
2019-08-13 11:00:00,0.677345,1.121635,1.208545,0.645675,1.3254299999999999,0.967725,105.2145,8.921115,9.545884999999998
2019-08-13 12:00:00,0.67659,1.121475,1.2084899999999998,0.644405,1.3265799999999999,0.967685,105.2115,8.921915,9.54537
2019-08-13 13:00:00,0.6755800000000001,1.1216949999999999,1.2087050000000001,0.6426149999999999,1.328205,0.96698,105.2075,8.91639,9.53996
2019-08-13 14:00:00,0.6795100000000001,1.118455,1.2085949999999999,0.64546,1.32261,0.97264,106.54650000000001,8.895215,9.54778
2019-08-13 15:00:00,0.678985,1.118835,1.20712,0.6456550000000001,1.3234249999999999,0.97403,106.6305,8.91258,9.556375
2019-08-13 16:00:00,0.6796949999999999,1.118225,1.206635,0.645675,1.32223,0.97448,106.6125,8.877125,9.552405
2019-08-13 17:00:00,0.679495,1.1179299999999999,1.2061549999999999,0.64566,1.322645,0.97542,106.5705,8.875235,9.546875
2019-08-13 18:00:00,0.679295,1.11758,1.2064,0.6450149999999999,1.3225699999999998,0.9747600000000001,106.6125,8.87923,9.54541
2019-08-13 19:00:00,0.67927,1.1173549999999999,1.2054049999999998,0.6449,1.322125,0.97612,106.6845,8.87292,9.543015
2019-08-13 20:00:00,0.67954,1.1173549999999999,1.205765,0.645335,1.3227449999999998,0.976205,106.6855,8.87041,9.53896
2019-08-13 21:00:00,0.6799850000000001,1.117135,1.2059449999999998,0.6450750000000001,1.3223250000000002,0.97664,106.7465,8.87209,9.539950000000001
2019-08-13 22:00:00,0.6799550000000001,1.117305,1.2061250000000001,0.645945,1.32233,0.97634,106.733,8.872150000000001,9.545390000000001
2019-08-13 23:00:00,0.6796,1.117465,1.205885,0.64591,1.32219,0.97597,106.6275,8.871974999999999,9.541475
2019-08-14 00:00:00,0.679675,1.1176650000000001,1.2063199999999998,0.64612,1.32146,0.976215,106.606,8.868105,9.540745000000001
2019-08-14 01:00:00,0.679425,1.11781,1.205555,0.64581,1.321565,0.97538,106.3235,8.872440000000001,9.53618
2019-08-14 02:00:00,0.6783699999999999,1.11722,1.2045949999999999,0.64476,1.322885,0.97556,106.36449999999999,8.874514999999999,9.539455
2019-08-14 03:00:00,0.6789099999999999,1.11755,1.205685,0.645885,1.3223799999999999,0.97507,106.29050000000001,8.879335000000001,9.53857
2019-08-14 04:00:00,0.679385,1.117095,1.2055799999999999,0.64659,1.3221500000000002,0.976005,106.364,8.882525000000001,9.54012
2019-08-14 05:00:00,0.6792199999999999,1.117185,1.205695,0.6459699999999999,1.3223,0.97679,106.5655,8.87942,9.53929
2019-08-14 06:00:00,0.678715,1.11666,1.20552,0.6455500000000001,1.322435,0.9762599999999999,106.44550000000001,8.883645000000001,9.54976
2019-08-14 07:00:00,0.678295,1.11776,1.2059600000000001,0.6452549999999999,1.3235999999999999,0.975355,106.3935,8.896995,9.552855000000001
2019-08-14 08:00:00,0.6779299999999999,1.11802,1.206365,0.645445,1.324135,0.974575,106.4425,8.90592,9.55179
2019-08-14 09:00:00,0.676985,1.1175950000000001,1.206705,0.64423,1.32429,0.973895,106.44399999999999,8.897295,9.564155
2019-08-14 10:00:00,0.676335,1.11788,1.20814,0.643465,1.32443,0.97427,106.3635,8.901599999999998,9.5702
2019-08-14 14:00:00,0.675825,1.115685,1.2071299999999998,0.6444099999999999,1.329805,0.973225,106.1105,8.946455,9.60356
2019-08-14 15:00:00,0.675155,1.114935,1.206935,0.64376,1.33036,0.97254,105.8075,8.963255,9.625515
2019-08-14 16:00:00,0.674195,1.114375,1.20669,0.6424449999999999,1.332055,0.9736549999999999,105.799,8.974805,9.632685
2019-08-14 17:00:00,0.674225,1.114435,1.20604,0.642775,1.331785,0.972885,105.76150000000001,8.96698,9.628045
2019-08-14 18:00:00,0.675055,1.11414,1.205755,0.642995,1.33101,0.9735199999999999,105.97,8.960094999999999,9.626384999999999
2019-08-14 19:00:00,0.67466,1.1138849999999998,1.20597,0.64333,1.33242,0.973435,105.8835,8.974205000000001,9.632755
2019-08-14 20:00:00,0.67465,1.113365,1.20518,0.643465,1.33148,0.9738249999999999,105.99549999999999,8.98344,9.635405
2019-08-14 21:00:00,0.67485,1.1139100000000002,1.20578,0.6434249999999999,1.3319299999999998,0.9733700000000001,105.9175,8.983,9.636054999999999
2019-08-14 22:00:00,0.674755,1.1141649999999998,1.205895,0.643505,1.3318150000000002,0.9730099999999999,105.766,8.985785,9.632105
2019-08-14 23:00:00,0.675155,1.114405,1.206045,0.644075,1.33162,0.973025,105.7945,8.980039999999999,9.62707
2019-08-15 00:00:00,0.67544,1.114295,1.205985,0.6439,1.331115,0.9734750000000001,105.9145,8.97682,9.627234999999999
2019-08-15 01:00:00,0.675895,1.114195,1.205915,0.644045,1.33093,0.9736,105.9625,8.9778,9.624665
2019-08-15 02:00:00,0.677315,1.114295,1.2056200000000001,0.643905,1.3308849999999999,0.973705,105.943,8.974834999999999,9.62328
2019-08-15 03:00:00,0.67811,1.11416,1.20553,0.64392,1.33049,0.973415,105.9175,8.97152,9.619985
2019-08-15 04:00:00,0.67809,1.114775,1.2055150000000001,0.64415,1.330415,0.9734499999999999,105.8935,8.96768,9.615015
2019-08-15 05:00:00,0.678285,1.115125,1.205685,0.644305,1.33043,0.9734700000000001,105.9025,8.96414,9.611830000000001
2019-08-15 06:00:00,0.6781200000000001,1.11486,1.2057099999999998,0.644085,1.33012,0.9735849999999999,105.912,8.965019999999999,9.62584
2019-08-15 07:00:00,0.67822,1.11486,1.207245,0.644325,1.3296350000000001,0.97466,106.3255,8.956085,9.61307
2019-08-15 08:00:00,0.6779900000000001,1.114805,1.207805,0.6442749999999999,1.3289900000000001,0.97482,106.2515,8.951345,9.62341
2019-08-15 09:00:00,0.67706,1.1148449999999999,1.208285,0.6436850000000001,1.3305850000000001,0.97482,106.0705,8.980834999999999,9.61835
2019-08-15 10:00:00,0.676965,1.115075,1.2098149999999999,0.643275,1.331525,0.97331,105.9225,8.98715,9.619695
2019-08-15 11:00:00,0.676975,1.11539,1.2094,0.64349,1.33206,0.972785,105.762,8.99653,9.615705
2019-08-15 12:00:00,0.6775199999999999,1.1151200000000001,1.213285,0.643735,1.330715,0.974135,106.1075,8.971509999999999,9.617619999999999
2019-08-15 13:00:00,0.678025,1.114225,1.21252,0.6438649999999999,1.332495,0.975175,106.1955,8.994914999999999,9.630279999999999
2019-08-15 14:00:00,0.678515,1.1112549999999999,1.2124700000000002,0.6446799999999999,1.331905,0.9773149999999999,106.267,9.02741,9.653030000000001
2019-08-15 15:00:00,0.677565,1.110735,1.21113,0.6442650000000001,1.33331,0.9759249999999999,106.154,9.008365000000001,9.641024999999999
